学院,寝室楼,寝室规格,寝室类型,寝室号,备注
电气学院,3,8,男,440,
电气学院,3,8,男,443,
电气学院,3,8,男,444,
电气学院,3,8,男,445,
电气学院,3,8,男,446,
电气学院,3,8,男,501,
电气学院,3,8,男,502,
电气学院,3,8,男,503,
电气学院,3,8,男,504,
电气学院,3,8,男,505,
电气学院,3,8,男,506,
电气学院,3,8,男,507,
电气学院,3,8,男,509,
电气学院,3,8,男,510,
电气学院,3,8,男,511,
电气学院,3,8,男,517,
电气学院,3,8,男,518,
电气学院,3,8,男,520,
电气学院,3,8,男,521,
电气学院,3,8,男,522,
电气学院,3,8,男,523,
电气学院,3,8,男,524,
电气学院,3,8,男,525,
电气学院,6,5,女 ,138,
电气学院,6,5,女 ,213,
电气学院,6,5,女 ,227,
电气学院,6,5,女 ,230,
电气学院,6,5,女 ,235,
电气学院,6,5,女 ,333,
电气学院,6,5,女 ,334,
电气学院,6,5,女 ,520,
电气学院,6,5,女 ,532,
电气学院,6,5,女 ,638,
电气学院,6,5,女 ,639,
电气学院,7,5,男,118,
电气学院,7,5,男,119,
电气学院,7,5,男,120,
电气学院,7,5,男,121,
电气学院,7,5,男,125,
电气学院,7,5,男,126,
电气学院,7,5,男,127,
电气学院,7,5,男,148,
电气学院,7,5,男,202,
电气学院,7,5,男,204,
电气学院,7,5,男,205,
电气学院,7,5,男,206,
电气学院,7,5,男,207,
电气学院,7,5,男,216,
电气学院,7,5,男,218,
电气学院,7,5,男,219,
电气学院,7,5,男,220,
电气学院,7,5,男,221,
电气学院,7,5,男,222,
电气学院,7,5,男,224,
电气学院,7,5,男,225,
电气学院,7,5,男,327,
电气学院,7,5,男,332,
电气学院,7,5,男,336,
电气学院,7,5,男,340,
电气学院,7,5,男,347,
电气学院,7,5,男,413,
电气学院,7,5,男,414,
电气学院,7,5,男,416,
电气学院,7,5,男,425,
电气学院,7,5,男,433,
电气学院,7,5,男,434,
电气学院,7,5,男,435,
电气学院,7,5,男,436,
电气学院,7,5,男,438,
电气学院,7,5,男,439,
电气学院,7,5,男,502,
电气学院,7,5,男,504,
电气学院,7,5,男,505,
电气学院,7,5,男,506,
电气学院,7,5,男,508,
电气学院,7,5,男,509,
电气学院,7,5,男,511,
电气学院,7,5,男,512,
电气学院,7,5,男,516,
电气学院,7,5,男,519,
电气学院,7,5,男,525,
电气学院,7,5,男,526,
电气学院,7,5,男,601,
电气学院,7,5,男,603,
电气学院,7,5,男,619,
电气学院,7,5,男,620,
电气学院,7,5,男,628,
电气学院,7,5,男,629,
电气学院,7,5,男,630,
电气学院,7,5,男,631,
电气学院,8,4,女 ,601,
电气学院,8,4,女 ,602,
电气学院,8,4,女 ,603,
电气学院,8,4,女 ,611,
电气学院,8,4,女 ,612,
电气学院,8,4,女 ,613,
电气学院,8,4,女 ,620,
电气学院,8,4,女 ,621,
电气学院,8,4,女 ,622,
电气学院,8,4,女 ,623,
电气学院,8,4,女 ,624,
电气学院,8,4,女 ,626,
电气学院,9,4,男,120,
电气学院,9,4,男,121,
电气学院,9,4,男,122,
电气学院,9,4,男,123,
电气学院,9,4,男,124,
电气学院,9,4,男,125,
电气学院,9,4,男,126,
电气学院,9,4,男,127,
电气学院,9,4,男,128,
电气学院,9,4,男,129,
电气学院,9,4,男,130,
电气学院,9,4,男,131,
电气学院,9,4,男,132,
电气学院,9,4,男,133,
电气学院,9,4,男,134,
电气学院,9,4,男,201,
电气学院,9,4,男,202,
电气学院,9,4,男,203,
电气学院,9,4,男,204,
电气学院,9,4,男,205,
电气学院,9,4,男,206,
电气学院,9,4,男,207,
电气学院,9,4,男,208,
电气学院,9,4,男,210,
电气学院,9,4,男,211,
电气学院,9,4,男,212,
电气学院,9,4,男,213,
电气学院,9,4,男,214,
电气学院,9,4,男,215,
电气学院,9,4,男,216,
电气学院,9,4,男,226,
电气学院,9,4,男,227,
电气学院,9,4,男,228,
电气学院,9,4,男,229,
电气学院,9,4,男,230,
电气学院,9,4,男,231,
电气学院,9,4,男,232,
电气学院,9,4,男,233,
电气学院,9,4,男,234,
电气学院,9,4,男,235,
电气学院,9,4,男,236,
电气学院,9,4,男,301,
电气学院,9,4,男,302,
电气学院,9,4,男,303,
电气学院,9,4,男,304,
电气学院,9,4,男,305,
电气学院,9,4,男,306,
电气学院,9,4,男,307,
电气学院,9,4,男,308,
电气学院,9,4,男,309,
电气学院,9,4,男,310,
电气学院,9,4,男,311,
电气学院,9,4,男,312,
电气学院,9,4,男,313,
电气学院,9,4,男,314,
电气学院,9,4,男,315,
电气学院,9,4,男,316,
电气学院,9,4,男,317,
电气学院,9,4,男,318,
电气学院,9,4,男,319,
电气学院,9,4,男,320,
电气学院,9,4,男,321,
电气学院,9,4,男,322,
电气学院,9,4,男,323,
电气学院,9,4,男,324,
电气学院,9,4,男,401,
电气学院,9,4,男,402,
电气学院,9,4,男,403,
电气学院,9,4,男,404,
电气学院,9,4,男,405,
电气学院,9,4,男,406,
电气学院,9,4,男,407,
电气学院,9,4,男,408,
电气学院,9,4,男,409,
电气学院,9,4,男,415,
电气学院,9,4,男,419,
电气学院,9,4,男,601,
电气学院,10,4,女 ,405,
电气学院,10,4,女 ,430,
电气学院,10,4,女 ,434,
电气学院,10,4,女 ,437,
电气学院,10,4,女 ,438,
电气学院,10,4,女 ,508,
电气学院,10,4,女 ,509,
电气学院,10,4,女 ,510,
电气学院,10,4,女 ,511,
电气学院,10,4,女 ,512,
电气学院,10,4,女 ,513,
电气学院,10,4,女 ,514,
电气学院,10,4,女 ,515,
电气学院,10,4,女 ,516,
电气学院,10,4,女 ,522,
电气学院,10,4,女 ,533,
电气学院,10,4,女 ,536,
电气学院,10,4,女 ,612,
电气学院,10,4,女 ,613,
电气学院,10,4,女 ,614,
电气学院,10,4,女 ,615,
电气学院,10,4,女 ,622,
电气学院,10,4,女 ,624,
电气学院,10,4,女 ,625,
电气学院,10,4,女 ,626,
电气学院,10,4,女 ,627,
电气学院,10,4,女 ,628,
电气学院,12,4,男,653,
电气学院,12,4,男,659,
电气学院,13,4,女 ,623,
电气学院,13,4,女 ,624,
电气学院,13,4,女 ,625,
电气学院,13,4,女 ,626,
电气学院,13,4,女 ,627,
电气学院,13,4,女 ,628,
电气学院,13,4,女 ,629,
电气学院,13,4,女 ,630,
电气学院,13,4,女 ,631,
电气学院,13,4,女 ,632,
电气学院,13,4,女 ,633,
电气学院,13,4,女 ,634,
电气学院,14,4,女 ,629,
电气学院,16,5,女 ,130,
法学院,4,8,女,220,
法学院,4,8,女,418,
法学院,4,8,女,420,
法学院,4,8,女,424,
法学院,6,5,女,203,
法学院,6,5,女,204,
法学院,6,5,女,205,
法学院,6,5,女,206,
法学院,6,5,女,208,
法学院,6,5,女,209,
法学院,6,5,女,210,
法学院,6,5,女,211,
法学院,6,5,女,212,
法学院,6,5,女,214,
法学院,6,5,女,215,
法学院,6,5,女,216,
法学院,6,5,女,217,
法学院,6,5,女,218,
法学院,6,5,女,219,
法学院,6,5,女,220,
法学院,6,5,女,222,
法学院,6,5,女,223,
法学院,6,5,女,224,
法学院,6,5,女,225,
法学院,6,5,女,226,
法学院,6,5,女,228,
法学院,6,5,女,239,
法学院,6,5,女,335,
法学院,6,5,女,337,
法学院,6,5,女,338,
法学院,6,5,女,343,
法学院,6,5,女,345,
法学院,7,5,男,110,
法学院,7,5,男,111,
法学院,7,5,男,112,
法学院,7,5,男,114,
法学院,7,5,男,136,
法学院,7,5,男,232,
法学院,7,5,男,304,
法学院,7,5,男,305,
法学院,7,5,男,306,
法学院,7,5,男,307,
法学院,7,5,男,309,
法学院,7,5,男,310,
法学院,7,5,男,313,
法学院,7,5,男,314,
法学院,7,5,男,325,
法学院,7,5,男,337,
法学院,7,5,男,341,
法学院,7,5,男,343,
法学院,7,5,男,441,
法学院,7,5,男,443,
法学院,7,5,男,444,
法学院,7,5,男,445,
法学院,7,5,男,446,
法学院,7,5,男,501,
法学院,7,5,男,503,
法学院,7,5,男,507,
法学院,7,5,男,510,
法学院,7,5,男,515,
法学院,7,5,男,518,
法学院,7,5,男,521,
法学院,7,5,男,522,
法学院,7,5,男,535,
法学院,7,5,男,536,
法学院,7,5,男,539,
法学院,7,5,男,541,
法学院,7,5,男,542,
法学院,7,5,男,602,
法学院,7,5,男,609,
法学院,7,5,男,639,
法学院,7,5,男,640,
法学院,7,5,男,648,
法学院,8,4,女,314,
法学院,8,4,女,324,
法学院,8,4,女,325,
法学院,8,4,女,326,
法学院,8,4,女,327,
法学院,8,4,女,328,
法学院,8,4,女,329,
法学院,8,4,女,330,
法学院,8,4,女,331,
法学院,8,4,女,333,
法学院,8,4,女,334,
法学院,8,4,女,414,
法学院,8,4,女,415,
法学院,8,4,女,416,
法学院,8,4,女,417,
法学院,8,4,女,418,
法学院,8,4,女,419,
法学院,8,4,女,420,
法学院,8,4,女,422,
法学院,8,4,女,423,
法学院,8,4,女,429,
法学院,8,4,女,430,
法学院,8,4,女,431,
法学院,8,4,女,435,
法学院,8,4,女,437,
法学院,8,4,女,439,
法学院,8,4,女,520,
法学院,8,4,女,521,
法学院,8,4,女,529,
法学院,8,4,女,536,
法学院,8,4,女,537,
法学院,8,4,女,538,
法学院,8,4,女,539,
法学院,10,4,女,105,
法学院,10,4,女,106,
法学院,10,4,女,107,
法学院,10,4,女,109,
法学院,10,4,女,110,
法学院,10,4,女,111,
法学院,10,4,女,126,
法学院,10,4,女,136,
法学院,10,4,女,214,
法学院,10,4,女,215,
法学院,10,4,女,216,
法学院,10,4,女,222,
法学院,10,4,女,229,
法学院,10,4,女,233,
法学院,10,4,女,234,
法学院,10,4,女,235,
法学院,10,4,女,236,
法学院,10,4,女,238,
法学院,10,4,女,239,
法学院,10,4,女,301,
法学院,10,4,女,302,
法学院,10,4,女,303,
法学院,10,4,女,306,
法学院,10,4,女,307,
法学院,10,4,女,308,
法学院,10,4,女,309,
法学院,10,4,女,314,
法学院,10,4,女,322,
法学院,10,4,女,323,
法学院,10,4,女,331,
法学院,10,4,女,335,
法学院,10,4,女,336,
法学院,10,4,女,337,
法学院,10,4,女,409,
法学院,10,4,女,422,
法学院,10,4,女,426,
法学院,10,4,女,525,
法学院,10,4,女,526,
法学院,10,4,女,529,
法学院,10,4,女,537,
法学院,10,4,女,601,
法学院,10,4,女,617,
法学院,10,4,女,619,
法学院,10,4,女,620,
法学院,10,4,女,621,
法学院,10,4,女,638,
法学院,13,4,女,23,
法学院,13,4,女,644,
法学院,13,4,女,645,
法学院,13,4,女,646,
法学院,13,4,女,647,
法学院,13,4,女,648,
法学院,13,4,女,649,
法学院,13,4,女,650,
法学院,13,4,女,651,
法学院,13,4,女,652,
法学院,13,4,女,653,
法学院,13,4,女,654,
法学院,13,4,女,655,
法学院,13,4,女,656,
法学院,13,4,女,657,
国际学院,11,4,女,103,
国际学院,11,4,女,104,
国际学院,11,4,女,105,
国际学院,11,4,女,106,
国际学院,11,4,女,107,
国际学院,11,4,女,108,
国际学院,11,4,女,110,
国际学院,11,4,女,111,
国际学院,11,4,女,113,
国际学院,11,4,女,115,
国际学院,11,4,女,116,
国际学院,11,4,女,119,
国际学院,11,4,女,120,
国际学院,11,4,女,124,
国际学院,11,4,女,214,
国际学院,11,4,女,215,
国际学院,11,4,女,216,
国际学院,11,4,女,218,
国际学院,11,4,女,220,
国际学院,11,4,女,221,
国际学院,11,4,女,222,
国际学院,11,4,女,225,
国际学院,11,4,女,226,
国际学院,11,4,女,234,
国际学院,11,4,女,235,
国际学院,11,4,女,301,
国际学院,11,4,女,303,
国际学院,11,4,女,522,
国际学院,11,4,女,523,
国际学院,11,4,女,524,
国际学院,11,4,女,526,
国际学院,11,4,女,527,
国际学院,11,4,女,528,
国际学院,11,4,女,601,
国际学院,11,4,女,602,
国际学院,11,4,女,603,
国际学院,11,4,女,604,
国际学院,11,4,女,605,
国际学院,11,4,女,606,
国际学院,11,4,女,607,
国际学院,11,4,女,608,
国际学院,11,4,女,610,
国际学院,11,4,女,611,
国际学院,11,4,女,612,
国际学院,11,4,女,613,
国际学院,11,4,女,615,
国际学院,11,4,女,616,
国际学院,11,4,女,617,
国际学院,11,4,女,618,
国际学院,11,4,女,619,
国际学院,11,4,女,620,
国际学院,11,4,女,621,
国际学院,11,4,女,622,
国际学院,13,4,女,534,
国际学院,13,4,女,535,
国际学院,13,4,女,536,
国际学院,13,4,女,537,
国际学院,13,4,女,539,
国际学院,13,4,女,540,
国际学院,13,4,女,541,
国际学院,13,4,女,542,
国际学院,13,4,女,543,
国际学院,13,4,女,544,
国际学院,13,4,女,545,
国际学院,13,4,女,546,
国际学院,13,4,女,547,
国际学院,13,4,女,548,
国际学院,13,4,女,549,
国际学院,13,4,女,550,
国际学院,13,4,女,551,
国际学院,13,4,女,552,
国际学院,13,4,女,553,
国际学院,13,4,女,554,
国际学院,13,4,女,555,
国际学院,13,4,女,556,
国际学院,13,4,女,557,
国际学院,13,4,女,601,
国际学院,13,4,女,602,
国际学院,13,4,女,603,
国际学院,12,4,男,117,
国际学院,12,4,男,131,
国际学院,12,4,男,132,
国际学院,12,4,男,133,
国际学院,12,4,男,134,
国际学院,12,4,男,135,
国际学院,12,4,男,136,
国际学院,12,4,男,138,
国际学院,12,4,男,139,
国际学院,12,4,男,149,
国际学院,12,4,男,206,
国际学院,12,4,男,207,
国际学院,12,4,男,208,
国际学院,12,4,男,209,
国际学院,12,4,男,210,
国际学院,12,4,男,211,
国际学院,12,4,男,212,
国际学院,12,4,男,213,
国际学院,12,4,男,214,
国际学院,12,4,男,215,
国际学院,12,4,男,216,
国际学院,12,4,男,217,
国际学院,12,4,男,218,
国际学院,12,4,男,224,
国际学院,12,4,男,225,
国际学院,12,4,男,226,
国际学院,12,4,男,227,
国际学院,12,4,男,228,
国际学院,12,4,男,229,
国际学院,12,4,男,230,
国际学院,12,4,男,246,
国际学院,12,4,男,247,
国际学院,12,4,男,248,
国际学院,12,4,男,315,
国际学院,12,4,男,316,
国际学院,12,4,男,317,
国际学院,12,4,男,318,
国际学院,12,4,男,319,
国际学院,12,4,男,323,
国际学院,12,4,男,324,
国际学院,12,4,男,325,
国际学院,12,4,男,327,
国际学院,12,4,男,328,
国际学院,12,4,男,330,
国际学院,12,4,男,349,
国际学院,12,4,男,350,
国际学院,12,4,男,351,
国际学院,12,4,男,352,
国际学院,12,4,男,353,
国际学院,12,4,男,354,
国际学院,12,4,男,355,
国际学院,12,4,男,356,
国际学院,12,4,男,357,
国际学院,12,4,男,358,
国际学院,12,4,男,360,
国际学院,12,4,男,361,
国际学院,12,4,男,362,
国际学院,12,4,男,425,
国际学院,12,4,男,426,
国际学院,12,4,男,427,
国际学院,12,4,男,428,
国际学院,12,4,男,429,
国际学院,12,4,男,430,
国际学院,12,4,男,449,
国际学院,12,4,男,450,
国际学院,12,4,男,451,
国际学院,12,4,男,452,
国际学院,12,4,男,453,
国际学院,12,4,男,454,
国际学院,12,4,男,457,
国际学院,12,4,男,458,
国际学院,15,5,男,113,
国际学院,15,5,男,114,
国际学院,15,5,男,133,
国际学院,15,5,男,531,
国际学院,15,5,男,532,
国际学院,15,5,男,533,
国际学院,15,5,男,534,
国际学院,15,5,男,535,
国际学院,15,5,男,536,
国际学院,15,5,男,537,
国际学院,15,5,男,538,
国际学院,15,5,男,539,
国际学院,15,5,男,540,
国际学院,15,5,男,541,
国际学院,15,5,男,542,
国际学院,15,5,男,543,
国际学院,15,5,男,544,
国际学院,15,5,男,545,
国际学院,15,5,男,546,
国际学院,15,5,男,457,
国际学院,15,5,男,548,
国际学院,15,5,男,549,
国际学院,15,5,男,550,
国际学院,16,5,女,103,
国际学院,16,5,女,104,
国际学院,16,5,女,105,
国际学院,16,5,女,106,
国际学院,16,5,女,107,
国际学院,16,5,女,108,
国际学院,16,5,女,109,
国际学院,16,5,女,110,
国际学院,16,5,女,111,
国际学院,16,5,女,112,
国际学院,16,5,女,113,
国际学院,16,5,女,114,
国际学院,16,5,女,115,
化工学院,3,8,男,136,
化工学院,3,8,男,123,
化工学院,3,8,男,124,
化工学院,3,8,男,215,
化工学院,3,8,男,301,
化工学院,3,8,男,302,
化工学院,3,8,男,303,
化工学院,3,8,男,307,
化工学院,3,8,男,308,
化工学院,3,8,男,309,
化工学院,3,8,男,310,
化工学院,3,8,男,312,
化工学院,3,8,男,313,
化工学院,3,8,男,314,
化工学院,3,8,男,315,
化工学院,3,8,男,320,
化工学院,3,8,男,324,
化工学院,4,8,女,511,
化工学院,4,8,女,512,
化工学院,4,8,女,518,
化工学院,4,8,女,519,
化工学院,4,8,女,520,
化工学院,4,8,女,521,
化工学院,4,8,女,522,
化工学院,4,8,女,523,
化工学院,4,8,女,524,
化工学院,4,8,女,525,
化工学院,4,8,女,526,
化工学院,4,8,女,527,
化工学院,4,8,女,528,
化工学院,4,8,女,529,
化工学院,5,5,男,107,
化工学院,5,5,男,108,
化工学院,5,5,男,109,
化工学院,5,5,男,110,
化工学院,5,5,男,111,
化工学院,5,5,男,112,
化工学院,5,5,男,113,
化工学院,5,5,男,115,
化工学院,5,5,男,116,
化工学院,5,5,男,117,
化工学院,5,5,男,119,
化工学院,5,5,男,122,
化工学院,5,5,男,201,
化工学院,5,5,男,202,
化工学院,5,5,男,301,
化工学院,5,5,男,302,
化工学院,5,5,男,303,
化工学院,5,5,男,304,
化工学院,5,5,男,305,
化工学院,5,5,男,306,
化工学院,5,5,男,307,
化工学院,5,5,男,308,
化工学院,5,5,男,309,
化工学院,5,5,男,313,
化工学院,5,5,男,314,
化工学院,5,5,男,315,
化工学院,5,5,男,316,
化工学院,5,5,男,317,
化工学院,5,5,男,318,
化工学院,5,5,男,319,
化工学院,5,5,男,320,
化工学院,5,5,男,321,
化工学院,5,5,男,322,
化工学院,5,5,男,330,
化工学院,5,5,男,331,
化工学院,5,5,男,332,
化工学院,5,5,男,333,
化工学院,5,5,男,334,
化工学院,5,5,男,335,
化工学院,5,5,男,336,
化工学院,5,5,男,401,
化工学院,5,5,男,402,
化工学院,5,5,男,403,
化工学院,5,5,男,407,
化工学院,5,5,男,415,
化工学院,5,5,男,416,
化工学院,5,5,男,417,
化工学院,5,5,男,418,
化工学院,5,5,男,419,
化工学院,5,5,男,420,
化工学院,5,5,男,421,
化工学院,5,5,男,422,
化工学院,5,5,男,423,
化工学院,5,5,男,424,
化工学院,5,5,男,509,
化工学院,5,5,男,510,
化工学院,5,5,男,511,
化工学院,5,5,男,512,
化工学院,5,5,男,520,
化工学院,5,5,男,631,
化工学院,6,5,女,115,
化工学院,6,5,女,116,
化工学院,6,5,女,144,
化工学院,6,5,女,145,
化工学院,6,5,女,146,
化工学院,6,5,女,147,
化工学院,6,5,女,301,
化工学院,6,5,女,336,
化工学院,6,5,女,340,
化工学院,6,5,女,341,
化工学院,6,5,女,404,
化工学院,6,5,女,405,
化工学院,6,5,女,434,
化工学院,11,4,女,102,
化工学院,11,4,女,210,
化工学院,11,4,女,211,
化工学院,11,4,女,304,
化工学院,11,4,女,305,
化工学院,11,4,女,306,
化工学院,11,4,女,308,
化工学院,11,4,女,309,
化工学院,11,4,女,310,
化工学院,11,4,女,312,
化工学院,11,4,女,313,
化工学院,11,4,女,314,
化工学院,11,4,女,315,
化工学院,11,4,女,316,
化工学院,11,4,女,317,
化工学院,11,4,女,323,
化工学院,11,4,女,325,
化工学院,11,4,女,326,
化工学院,11,4,女,327,
化工学院,11,4,女,328,
化工学院,11,4,女,330,
化工学院,11,4,女,331,
化工学院,11,4,女,332,
化工学院,11,4,女,333,
化工学院,11,4,女,401,
化工学院,11,4,女,402,
化工学院,11,4,女,403,
化工学院,11,4,女,404,
化工学院,11,4,女,405,
化工学院,11,4,女,406,
化工学院,11,4,女,407,
化工学院,11,4,女,408,
化工学院,11,4,女,409,
化工学院,11,4,女,410,
化工学院,11,4,女,411,
化工学院,11,4,女,412,
化工学院,11,4,女,413,
化工学院,11,4,女,414,
化工学院,11,4,女,420,
化工学院,11,4,女,421,
化工学院,11,4,女,422,
化工学院,11,4,女,423,
化工学院,11,4,女,424,
化工学院,11,4,女,425,
化工学院,11,4,女,426,
化工学院,11,4,女,514,
化工学院,11,4,女,614,
化工学院,11,4,女,623,
化工学院,11,4,女,624,
化工学院,11,4,女,625,
化工学院,11,4,女,626,
化工学院,11,4,女,627,
化工学院,11,4,女,628,
化工学院,11,4,女,629,
化工学院,11,4,女,630,
化工学院,14,4,女,623,
化工学院,14,4,女,625,
化工学院,14,4,女,626,
化工学院,17,6,女,120,
化工学院,17,6,女,122,
机械学院,3,8,男,316,
机械学院,3,8,男,321,
机械学院,3,8,男,327,
机械学院,3,8,男,329,
机械学院,3,8,男,330,
机械学院,3,8,男,332,
机械学院,3,8,男,333,
机械学院,3,8,男,339,
机械学院,3,8,男,404,
机械学院,3,8,男,406,
机械学院,3,8,男,407,
机械学院,3,8,男,408,
机械学院,3,8,男,409,
机械学院,3,8,男,410,
机械学院,3,8,男,411,
机械学院,3,8,男,413,
机械学院,3,8,男,414,
机械学院,3,8,男,415,
机械学院,3,8,男,416,
机械学院,3,8,男,417,
机械学院,3,8,男,418,
机械学院,3,8,男,419,
机械学院,3,8,男,420,
机械学院,3,8,男,421,
机械学院,9,4,男,217,
机械学院,9,4,男,218,
机械学院,9,4,男,219,
机械学院,9,4,男,220,
机械学院,9,4,男,221,
机械学院,9,4,男,222,
机械学院,9,4,男,223,
机械学院,9,4,男,224,
机械学院,9,4,男,225,
机械学院,9,4,男,420,
机械学院,9,4,男,421,
机械学院,9,4,男,422,
机械学院,9,4,男,423,
机械学院,9,4,男,424,
机械学院,9,4,男,425,
机械学院,9,4,男,426,
机械学院,9,4,男,427,
机械学院,9,4,男,428,
机械学院,9,4,男,429,
机械学院,9,4,男,435,
机械学院,9,4,男,520,
机械学院,9,4,男,521,
机械学院,9,4,男,522,
机械学院,9,4,男,523,
机械学院,9,4,男,524,
机械学院,9,4,男,525,
机械学院,9,4,男,526,
机械学院,9,4,男,527,
机械学院,9,4,男,528,
机械学院,9,4,男,529,
机械学院,9,4,男,530,
机械学院,9,4,男,531,
机械学院,9,4,男,532,
机械学院,9,4,男,533,
机械学院,9,4,男,534,
机械学院,9,4,男,535,
机械学院,9,4,男,536,
机械学院,9,4,男,618,
机械学院,9,4,男,619,
机械学院,9,4,男,620,
机械学院,9,4,男,621,
机械学院,9,4,男,622,
机械学院,9,4,男,623,
机械学院,9,4,男,624,
机械学院,9,4,男,625,
机械学院,9,4,男,626,
机械学院,9,4,男,627,
机械学院,9,4,男,628,
机械学院,9,4,男,629,
机械学院,9,4,男,630,
机械学院,9,4,男,631,
机械学院,9,4,男,632,
机械学院,9,4,男,633,
机械学院,9,4,男,634,
机械学院,9,4,男,635,
机械学院,9,4,男,636,
机械学院,9,4,男,329,
机械学院,9,4,男,330,
机械学院,9,4,男,331,
机械学院,9,4,男,332,
机械学院,9,4,男,333,
机械学院,9,4,男,334,
机械学院,9,4,男,335,
机械学院,9,4,男,336,
机械学院,9,4,男,410,
机械学院,9,4,男,411,
机械学院,9,4,男,412,
机械学院,9,4,男,413,
机械学院,9,4,男,414,
机械学院,9,4,男,415,
机械学院,9,4,男,416,
机械学院,9,4,男,417,
机械学院,9,4,男,418,
机械学院,9,4,男,430,
机械学院,9,4,男,431,
机械学院,9,4,男,432,
机械学院,9,4,男,433,
机械学院,9,4,男,434,
机械学院,9,4,男,435,
机械学院,9,4,男,436,
机械学院,9,4,男,501,
机械学院,9,4,男,502,
机械学院,9,4,男,503,
机械学院,9,4,男,504,
机械学院,9,4,男,505,
机械学院,9,4,男,506,
机械学院,9,4,男,507,
机械学院,9,4,男,508,
机械学院,9,4,男,509,
机械学院,9,4,男,510,
机械学院,9,4,男,511,
机械学院,9,4,男,512,
机械学院,9,4,男,513,
机械学院,9,4,男,514,
机械学院,9,4,男,515,
机械学院,9,4,男,516,
机械学院,9,4,男,517,
机械学院,9,4,男,518,
机械学院,9,4,男,519,
机械学院,9,4,男,602,
机械学院,9,4,男,603,
机械学院,9,4,男,604,
机械学院,9,4,男,605,
机械学院,9,4,男,606,
机械学院,9,4,男,607,
机械学院,9,4,男,608,
机械学院,9,4,男,609,
机械学院,9,4,男,610,
机械学院,9,4,男,611,
机械学院,9,4,男,612,
机械学院,9,4,男,613,
机械学院,12,4,男,219,
机械学院,12,4,男,220,
机械学院,12,4,男,221,
机械学院,12,4,男,222,
机械学院,12,4,男,223,
机械学院,12,4,男,249,
机械学院,12,4,男,250,
机械学院,12,4,男,251,
机械学院,12,4,男,252,
机械学院,12,4,男,253,
机械学院,12,4,男,254,
机械学院,12,4,男,255,
机械学院,12,4,男,256,
机械学院,12,4,男,257,
机械学院,12,4,男,258,
机械学院,12,4,男,259,
机械学院,12,4,男,260,
机械学院,12,4,男,261,
机械学院,12,4,男,262,
机械学院,15,5,男,524,
机械学院,15,5,男,525,
机械学院,15,5,男,526,
机械学院,15,5,男,527,
机械学院,15,5,男,528,
机械学院,15,5,男,529,
机械学院,15,5,男,530,
机械学院,15,5,男,618,
机械学院,15,5,男,619,
机械学院,15,5,男,620,
机械学院,15,5,男,621,
机械学院,15,5,男,622,
机械学院,15,5,男,623,
机械学院,15,5,男,625,
机械学院,15,5,男,626,
机械学院,15,5,男,627,
机械学院,15,5,男,628,
机械学院,15,5,男,629,
机械学院,15,5,男,630,
机械学院,15,5,男,632,
机械学院,15,5,男,633,
机械学院,15,5,男,634,
机械学院,15,5,男,635,
机械学院,15,5,男,636,
机械学院,15,5,男,637,
机械学院,15,5,男,638,
机械学院,15,5,男,639,
机械学院,15,5,男,640,
机械学院,15,5,男,641,
机械学院,15,5,男,642,
机械学院,15,5,男,643,
机械学院,15,5,男,644,
机械学院,15,5,男,645,
机械学院,15,5,男,646,
机械学院,15,5,男,647,
机械学院,10,4,女,325,
机械学院,10,4,女,327,
机械学院,10,4,女,332,
机械学院,10,4,女,333,
机械学院,10,4,女,334,
机械学院,10,4,女,433,
机械学院,10,4,女,436,
机械学院,10,4,女,435,
机械学院,10,4,女,535,
机械学院,10,4,女,618,
机械学院,11,4,女,302,
经管学院,3,8,男,117,
经管学院,3,8,男,118,
经管学院,3,8,男,127,
经管学院,3,8,男,128,
经管学院,3,8,男,129,
经管学院,3,8,男,130,
经管学院,3,8,男,131,
经管学院,3,8,男,132,
经管学院,3,8,男,133,
经管学院,3,8,男,134,
经管学院,3,8,男,135,
经管学院,3,8,男,137,
经管学院,3,8,男,138,
经管学院,3,8,男,139,
经管学院,3,8,男,140,
经管学院,3,8,男,141,
经管学院,3,8,男,142,
经管学院,3,8,男,143,
经管学院,3,8,男,144,
经管学院,3,8,男,221,
经管学院,3,8,男,222,
经管学院,3,8,男,223,
经管学院,3,8,男,224,
经管学院,3,8,男,225,
经管学院,3,8,男,229,
经管学院,3,8,男,230,
经管学院,3,8,男,231,
经管学院,3,8,男,232,
经管学院,3,8,男,233,
经管学院,3,8,男,234,
经管学院,3,8,男,235,
经管学院,3,8,男,244,
经管学院,3,8,男,246,
经管学院,3,8,男,304,
经管学院,3,8,男,305,
经管学院,3,8,男,306,
经管学院,3,8,男,519,
经管学院,7,5,男,106,
经管学院,7,5,男,213,
经管学院,7,5,男,311,
经管学院,7,5,男,315,
经管学院,7,5,男,316,
经管学院,7,5,男,318,
经管学院,7,5,男,319,
经管学院,7,5,男,320,
经管学院,7,5,男,342,
经管学院,7,5,男,409,
经管学院,7,5,男,411,
经管学院,7,5,男,412,
经管学院,7,5,男,415,
经管学院,7,5,男,417,
经管学院,7,5,男,419,
经管学院,7,5,男,420,
经管学院,7,5,男,421,
经管学院,7,5,男,422,
经管学院,7,5,男,423,
经管学院,7,5,男,424,
经管学院,7,5,男,426,
经管学院,7,5,男,427,
经管学院,7,5,男,428,
经管学院,7,5,男,520,
经管学院,7,5,男,605,
经管学院,7,5,男,606,
经管学院,7,5,男,618,
经管学院,8,4,女,115,
经管学院,8,4,女,116,
经管学院,8,4,女,117,
经管学院,8,4,女,119,
经管学院,8,4,女,120,
经管学院,8,4,女,121,
经管学院,8,4,女,123,
经管学院,8,4,女,124,
经管学院,8,4,女,125,
经管学院,8,4,女,126,
经管学院,8,4,女,127,
经管学院,8,4,女,128,
经管学院,8,4,女,129,
经管学院,8,4,女,219,
经管学院,8,4,女,220,
经管学院,8,4,女,221,
经管学院,8,4,女,222,
经管学院,8,4,女,223,
经管学院,8,4,女,224,
经管学院,8,4,女,225,
经管学院,8,4,女,226,
经管学院,8,4,女,227,
经管学院,8,4,女,228,
经管学院,8,4,女,229,
经管学院,8,4,女,230,
经管学院,8,4,女,231,
经管学院,8,4,女,232,
经管学院,8,4,女,233,
经管学院,8,4,女,234,
经管学院,8,4,女,235,
经管学院,8,4,女,236,
经管学院,8,4,女,237,
经管学院,8,4,女,238,
经管学院,8,4,女,315,
经管学院,8,4,女,316,
经管学院,8,4,女,317,
经管学院,8,4,女,318,
经管学院,8,4,女,319,
经管学院,8,4,女,320,
经管学院,8,4,女,321,
经管学院,8,4,女,322,
经管学院,8,4,女,323,
经管学院,8,4,女,332,
经管学院,8,4,女,335,
经管学院,8,4,女,336,
经管学院,8,4,女,337,
经管学院,8,4,女,338,
经管学院,8,4,女,339,
经管学院,8,4,女,421,
经管学院,8,4,女,424,
经管学院,8,4,女,425,
经管学院,8,4,女,426,
经管学院,8,4,女,427,
经管学院,8,4,女,428,
经管学院,8,4,女,433,
经管学院,8,4,女,436,
经管学院,8,4,女,438,
经管学院,8,4,女,511,
经管学院,8,4,女,512,
经管学院,8,4,女,513,
经管学院,8,4,女,514,
经管学院,8,4,女,515,
经管学院,8,4,女,516,
经管学院,8,4,女,517,
经管学院,8,4,女,518,
经管学院,8,4,女,519,
经管学院,8,4,女,522,
经管学院,8,4,女,523,
经管学院,8,4,女,524,
经管学院,8,4,女,525,
经管学院,8,4,女,526,
经管学院,8,4,女,527,
经管学院,8,4,女,528,
经管学院,8,4,女,530,
经管学院,8,4,女,531,
经管学院,8,4,女,532,
经管学院,8,4,女,533,
经管学院,8,4,女,534,
经管学院,8,4,女,535,
经管学院,8,4,女,614,
经管学院,8,4,女,615,
经管学院,8,4,女,616,
经管学院,8,4,女,617,
经管学院,8,4,女,618,
经管学院,8,4,女,619,
经管学院,10,4,女,108,
经管学院,10,4,女,616,
经管学院,11,4,女,201,
经管学院,11,4,女,202,
经管学院,11,4,女,203,
经管学院,11,4,女,204,
经管学院,11,4,女,205,
经管学院,11,4,女,206,
经管学院,11,4,女,207,
经管学院,11,4,女,212,
经管学院,11,4,女,223,
经管学院,11,4,女,224,
经管学院,11,4,女,227,
经管学院,11,4,女,228,
经管学院,11,4,女,229,
经管学院,11,4,女,230,
经管学院,11,4,女,231,
经管学院,11,4,女,232,
经管学院,11,4,女,233,
经管学院,11,4,女,335,
经管学院,11,4,女,415,
经管学院,11,4,女,416,
经管学院,11,4,女,417,
经管学院,11,4,女,418,
经管学院,11,4,女,419,
经管学院,11,4,女,431,
经管学院,11,4,女,432,
经管学院,11,4,女,433,
经管学院,11,4,女,434,
经管学院,11,4,女,501,
经管学院,11,4,女,502,
经管学院,11,4,女,503,
经管学院,11,4,女,504,
经管学院,11,4,女,507,
经管学院,11,4,女,511,
经管学院,11,4,女,512,
经管学院,11,4,女,513,
经管学院,11,4,女,521,
经管学院,11,4,女,525,
经管学院,11,4,女,529,
经管学院,11,4,女,531,
经管学院,11,4,女,533,
经管学院,11,4,女,534,
经管学院,11,4,女,535,
经管学院,11,4,女,632,
经管学院,11,4,女,633,
经管学院,13,4,女,103,
经管学院,13,4,女,104,
经管学院,13,4,女,105,
经管学院,13,4,女,106,
经管学院,13,4,女,107,
经管学院,13,4,女,108,
经管学院,13,4,女,109,
经管学院,13,4,女,110,
经管学院,13,4,女,111,
经管学院,13,4,女,112,
经管学院,13,4,女,113,
经管学院,13,4,女,114,
经管学院,13,4,女,155,
经管学院,13,4,女,116,
经管学院,13,4,女,117,
经管学院,13,4,女,118,
经管学院,13,4,女,119,
经管学院,13,4,女,120,
经管学院,13,4,女,121,
经管学院,13,4,女,122,
经管学院,13,4,女,124,
经管学院,13,4,女,125,
经管学院,13,4,女,126,
经管学院,13,4,女,127,
经管学院,13,4,女,128,
经管学院,13,4,女,129,
经管学院,13,4,女,130,
经管学院,13,4,女,131,
经管学院,13,4,女,132,
经管学院,13,4,女,133,
经管学院,13,4,女,134,
经管学院,13,4,女,135,
经管学院,13,4,女,136,
经管学院,13,4,女,137,
经管学院,13,4,女,138,
经管学院,13,4,女,139,
经管学院,13,4,女,140,
经管学院,13,4,女,141,
经管学院,13,4,女,142,
经管学院,13,4,女,143,
经管学院,13,4,女,145,
经管学院,13,4,女,146,
经管学院,13,4,女,147,
经管学院,13,4,女,148,
经管学院,13,4,女,149,
经管学院,13,4,女,150,
经管学院,13,4,女,151,
经管学院,13,4,女,153,
经管学院,13,4,女,154,
经管学院,13,4,女,155,
经管学院,13,4,女,201,
经管学院,13,4,女,202,
经管学院,13,4,女,203,
经管学院,13,4,女,204,
经管学院,13,4,女,205,
经管学院,13,4,女,206,
经管学院,13,4,女,207,
经管学院,13,4,女,208,
经管学院,13,4,女,209,
经管学院,13,4,女,210,
经管学院,13,4,女,211,
经管学院,13,4,女,212,
经管学院,13,4,女,213,
经管学院,13,4,女,214,
经管学院,13,4,女,215,
经管学院,16,5,女,101,
经管学院,16,5,女,102,
经管学院,16,5,女,322,
经管学院,16,5,女,323,
经管学院,16,5,女,324,
经管学院,16,5,女,325,
经管学院,16,5,女,326,
经管学院,16,5,女,327,
经管学院,16,5,女,328,
经管学院,16,5,女,329,
经管学院,16,5,女,330,
经管学院,16,5,女,331,
经管学院,16,5,女,332,
经管学院,16,5,女,401,
经管学院,16,5,女,402,
经管学院,16,5,女,403,
经管学院,16,5,女,404,
经管学院,16,5,女,405,
经管学院,16,5,女,406,
经管学院,16,5,女,407,
经管学院,16,5,女,408,
经管学院,16,5,女,409,
经管学院,16,5,女,410,
经管学院,16,5,女,411,
经管学院,16,5,女,412,
经管学院,16,5,女,413,
经管学院,16,5,女,414,
经管学院,16,5,女,415,
经管学院,16,5,女,416,
经管学院,16,5,女,417,
经管学院,16,5,女,418,
经管学院,16,5,女,419,
经管学院,16,5,女,420,
经管学院,16,5,女,421,
经管学院,16,5,女,422,
经管学院,16,5,女,423,
经管学院,16,5,女,424,
经管学院,16,5,女,425,
经管学院,16,5,女,426,
经管学院,16,5,女,427,
经管学院,16,5,女,428,
经管学院,16,5,女,429,
经管学院,16,5,女,430,
经管学院,16,5,女,431,
经管学院,16,5,女,432,
经管学院,16,5,女,507,
经管学院,16,5,女,508,
经管学院,16,5,女,509,
经管学院,16,5,女,510,
经管学院,16,5,女,511,
经管学院,16,5,女,512,
经管学院,16,5,女,513,
经管学院,16,5,女,514,
经管学院,16,5,女,515,
经管学院,16,5,女,516,
经管学院,16,5,女,517,
经管学院,16,5,女,518,
经管学院,16,5,女,519,
经管学院,16,5,女,520,
经管学院,16,5,女,521,
经管学院,16,5,女,522,
经管学院,16,5,女,523,
经管学院,16,5,女,524,
经管学院,16,5,女,525,
经管学院,16,5,女,526,
经管学院,16,5,女,527,
经管学院,16,5,女,528,
经管学院,16,5,女,529,
经管学院,16,5,女,530,
经管学院,16,5,女,531,
经管学院,16,5,女,532,
经管学院,16,5,女,621,
经管学院,20,6,女,102,
经管学院,20,6,女,103,
经管学院,20,6,女,104,
经管学院,20,6,女,105,
经管学院,20,6,女,201,
经管学院,20,6,女,202,
经管学院,20,6,女,203,
经管学院,20,6,女,204,
经管学院,20,6,女,205,
经管学院,20,6,女,206,
经管学院,20,6,女,301,
经管学院,20,6,女,302,
经管学院,20,6,女,303,
经管学院,20,6,女,304,
经管学院,20,6,女,305,
经管学院,20,6,女,306,
经管学院,20,6,女,401,
经管学院,20,6,女,402,
经管学院,20,6,女,403,
经管学院,20,6,女,404,
经管学院,20,6,女,405,
经管学院,20,6,女,406,
经管学院,20,6,女,501,
经管学院,20,6,女,502,
经管学院,20,6,女,503,
经管学院,20,6,女,504,
经管学院,20,6,女,505,
经管学院,20,6,女,506,
经管学院,20,6,女,601,
经管学院,20,6,女,602,
经管学院,20,6,女,603,
美术学院,3,8,男,102,
美术学院,3,8,男,103,
美术学院,3,8,男,104,
美术学院,3,8,男,105,
美术学院,3,8,男,106,
美术学院,3,8,男,107,
美术学院,3,8,男,108,
美术学院,3,8,男,109,
美术学院,3,8,男,110,
美术学院,3,8,男,111,
美术学院,3,8,男,112,
美术学院,3,8,男,113,
美术学院,3,8,男,114,
美术学院,3,8,男,115,
美术学院,3,8,男,116,
美术学院,3,8,男,119,
美术学院,3,8,男,120,
美术学院,3,8,男,318,
美术学院,3,8,男,319,
美术学院,3,8,男,412,
美术学院,3,8,男,508,
美术学院,3,8,男,513,
美术学院,3,8,男,515,
美术学院,3,8,男,516,
美术学院,6,5,女,102,
美术学院,6,5,女,127,
美术学院,6,5,女,128,
美术学院,6,5,女,129,
美术学院,6,5,女,130,
美术学院,6,5,女,131,
美术学院,6,5,女,132,
美术学院,6,5,女,133,
美术学院,6,5,女,134,
美术学院,6,5,女,135,
美术学院,6,5,女,136,
美术学院,6,5,女,137,
美术学院,6,5,女,148,
美术学院,6,5,女,149,
美术学院,6,5,女,150,
美术学院,6,5,女,151,
美术学院,6,5,女,152,
美术学院,6,5,女,221,
美术学院,6,5,女,249,
美术学院,6,5,女,302,
美术学院,6,5,女,303,
美术学院,6,5,女,304,
美术学院,6,5,女,305,
美术学院,6,5,女,306,
美术学院,6,5,女,307,
美术学院,6,5,女,311,
美术学院,6,5,女,312,
美术学院,6,5,女,313,
美术学院,6,5,女,314,
美术学院,6,5,女,315,
美术学院,6,5,女,316,
美术学院,6,5,女,317,
美术学院,6,5,女,318,
美术学院,6,5,女,319,
美术学院,6,5,女,322,
美术学院,6,5,女,323,
美术学院,6,5,女,324,
美术学院,6,5,女,325,
美术学院,6,5,女,326,
美术学院,6,5,女,327,
美术学院,6,5,女,328,
美术学院,6,5,女,329,
美术学院,6,5,女,330,
美术学院,6,5,女,331,
美术学院,6,5,女,332,
美术学院,6,5,女,342,
美术学院,6,5,女,346,
美术学院,6,5,女,347,
美术学院,6,5,女,348,
美术学院,6,5,女,350,
美术学院,6,5,女,351,
美术学院,6,5,女,352,
美术学院,6,5,女,401,
美术学院,6,5,女,402,
美术学院,6,5,女,403,
美术学院,6,5,女,406,
美术学院,6,5,女,407,
美术学院,6,5,女,408,
美术学院,6,5,女,413,
美术学院,6,5,女,414,
美术学院,6,5,女,415,
美术学院,6,5,女,416,
美术学院,6,5,女,417,
美术学院,6,5,女,418,
美术学院,6,5,女,419,
美术学院,6,5,女,421,
美术学院,6,5,女,423,
美术学院,6,5,女,425,
美术学院,6,5,女,426,
美术学院,6,5,女,427,
美术学院,6,5,女,428,
美术学院,6,5,女,429,
美术学院,6,5,女,430,
美术学院,6,5,女,432,
美术学院,6,5,女,510,
美术学院,6,5,女,511,
美术学院,6,5,女,513,
美术学院,6,5,女,514,
美术学院,6,5,女,515,
美术学院,6,5,女,516,
美术学院,6,5,女,517,
美术学院,6,5,女,518,
美术学院,6,5,女,519,
美术学院,6,5,女,521,
美术学院,6,5,女,523,
美术学院,6,5,女,524,
美术学院,6,5,女,525,
美术学院,6,5,女,526,
美术学院,6,5,女,528,
美术学院,6,5,女,529,
美术学院,6,5,女,530,
美术学院,6,5,女,531,
美术学院,6,5,女,533,
美术学院,6,5,女,535,
美术学院,6,5,女,537,
美术学院,6,5,女,538,
美术学院,6,5,女,539,
美术学院,6,5,女,540,
美术学院,6,5,女,541,
美术学院,6,5,女,542,
美术学院,6,5,女,544,
美术学院,6,5,女,545,
美术学院,6,5,女,643,
美术学院,7,5,男,545,
美术学院,7,5,男,546,
美术学院,7,5,男,547,
美术学院,7,5,男,548,
美术学院,7,5,男,549,
美术学院,7,5,男,604,
美术学院,7,5,男,607,
美术学院,7,5,男,608,
美术学院,7,5,男,614,
美术学院,7,5,男,615,
美术学院,7,5,男,636,
美术学院,7,5,男,641,
美术学院,7,5,男,642,
美术学院,7,5,男,643,
美术学院,7,5,男,644,
美术学院,7,5,男,647,
美术学院,12,4,男,102,
美术学院,12,4,男,103,
美术学院,12,4,男,110,
美术学院,12,4,男,111,
美术学院,12,4,男,150,
美术学院,12,4,男,151,
美术学院,12,4,男,152,
美术学院,12,4,男,158,
美术学院,12,4,男,161,
美术学院,12,4,男,301,
美术学院,12,4,男,302,
美术学院,12,4,男,303,
美术学院,12,4,男,414,
美术学院,12,4,男,422,
美术学院,12,4,男,423,
美术学院,12,4,男,448,
美术学院,12,4,男,459,
美术学院,12,4,男,460,
美术学院,12,4,男,461,
美术学院,12,4,男,463,
美术学院,12,4,男,524,
美术学院,12,4,男,563,
美术学院,12,4,男,618,
美术学院,12,4,男,620,
美术学院,12,4,男,649,
美术学院,12,4,男,654,
美术学院,13,4,女,430,
美术学院,13,4,女,431,
美术学院,13,4,女,432,
美术学院,13,4,女,433,
美术学院,13,4,女,434,
美术学院,13,4,女,435,
美术学院,13,4,女,436,
美术学院,13,4,女,437,
美术学院,13,4,女,438,
美术学院,13,4,女,439,
美术学院,13,4,女,440,
美术学院,13,4,女,441,
美术学院,13,4,女,442,
美术学院,13,4,女,443,
美术学院,13,4,女,444,
美术学院,13,4,女,445,
美术学院,13,4,女,446,
美术学院,13,4,女,447,
美术学院,13,4,女,448,
美术学院,13,4,女,449,
美术学院,13,4,女,450,
美术学院,13,4,女,451,
美术学院,13,4,女,452,
美术学院,13,4,女,453,
美术学院,13,4,女,454,
美术学院,13,4,女,455,
美术学院,13,4,女,456,
美术学院,13,4,女,457,
美术学院,13,4,女,502,
美术学院,13,4,女,503,
美术学院,13,4,女,504,
美术学院,13,4,女,505,
美术学院,13,4,女,501,
生科学院,3,8,男,208,
生科学院,3,8,男,209,
生科学院,3,8,男,210,
生科学院,3,8,男,211,
生科学院,3,8,男,212,
生科学院,3,8,男,213,
生科学院,3,8,男,214,
生科学院,3,8,男,216,
生科学院,3,8,男,218,
生科学院,3,8,男,219,
生科学院,3,8,男,220,
生科学院,7,5,男,104,
生科学院,7,5,男,129,
生科学院,7,5,男,130,
生科学院,7,5,男,131,
生科学院,7,5,男,132,
生科学院,7,5,男,133,
生科学院,7,5,男,146,
生科学院,7,5,男,147,
生科学院,7,5,男,203,
生科学院,7,5,男,229,
生科学院,7,5,男,234,
生科学院,7,5,男,236,
生科学院,7,5,男,237,
生科学院,7,5,男,238,
生科学院,7,5,男,239,
生科学院,7,5,男,240,
生科学院,7,5,男,242,
生科学院,7,5,男,243,
生科学院,7,5,男,244,
生科学院,7,5,男,245,
生科学院,7,5,男,246,
生科学院,7,5,男,247,
生科学院,7,5,男,248,
生科学院,7,5,男,249,
生科学院,7,5,男,301,
生科学院,7,5,男,302,
生科学院,7,5,男,303,
生科学院,7,5,男,326,
生科学院,7,5,男,328,
生科学院,7,5,男,329,
生科学院,7,5,男,330,
生科学院,7,5,男,335,
生科学院,7,5,男,338,
生科学院,7,5,男,339,
生科学院,7,5,男,349,
生科学院,7,5,男,401,
生科学院,7,5,男,437,
生科学院,7,5,男,524,
生科学院,7,5,男,527,
生科学院,7,5,男,528,
生科学院,7,5,男,529,
生科学院,7,5,男,530,
生科学院,7,5,男,531,
生科学院,11,4,女,213,
生科学院,11,4,女,321,
生科学院,11,4,女,617,
生科学院,14,4,女,103,
生科学院,14,4,女,105,
生科学院,14,4,女,106,
生科学院,14,4,女,107,
生科学院,14,4,女,108,
生科学院,14,4,女,109,
生科学院,14,4,女,110,
生科学院,14,4,女,111,
生科学院,14,4,女,112,
生科学院,14,4,女,114,
生科学院,14,4,女,116,
生科学院,14,4,女,118,
生科学院,14,4,女,119,
生科学院,14,4,女,120,
生科学院,14,4,女,122,
生科学院,14,4,女,125,
生科学院,14,4,女,126,
生科学院,14,4,女,127,
生科学院,14,4,女,129,
生科学院,14,4,女,132,
生科学院,14,4,女,134,
生科学院,14,4,女,135,
生科学院,14,4,女,136,
生科学院,14,4,女,137,
生科学院,14,4,女,201,
生科学院,14,4,女,202,
生科学院,14,4,女,203,
生科学院,14,4,女,204,
生科学院,14,4,女,205,
生科学院,14,4,女,206,
生科学院,14,4,女,207,
生科学院,14,4,女,208,
生科学院,14,4,女,209,
生科学院,14,4,女,210,
生科学院,14,4,女,211,
生科学院,14,4,女,212,
生科学院,14,4,女,213,
生科学院,14,4,女,214,
生科学院,14,4,女,216,
生科学院,14,4,女,218,
生科学院,14,4,女,228,
生科学院,14,4,女,229,
生科学院,14,4,女,230,
生科学院,14,4,女,232,
生科学院,14,4,女,233,
生科学院,14,4,女,234,
生科学院,14,4,女,235,
生科学院,14,4,女,236,
生科学院,14,4,女,238,
生科学院,14,4,女,239,
生科学院,14,4,女,241,
生科学院,14,4,女,301,
生科学院,14,4,女,302,
生科学院,14,4,女,303,
生科学院,14,4,女,304,
生科学院,14,4,女,305,
生科学院,14,4,女,306,
生科学院,14,4,女,307,
生科学院,14,4,女,308,
生科学院,14,4,女,309,
生科学院,14,4,女,310,
生科学院,14,4,女,311,
生科学院,14,4,女,312,
生科学院,14,4,女,313,
生科学院,14,4,女,314,
生科学院,14,4,女,315,
生科学院,14,4,女,316,
生科学院,14,4,女,317,
生科学院,14,4,女,318,
生科学院,14,4,女,319,
生科学院,14,4,女,320,
生科学院,14,4,女,321,
生科学院,14,4,女,322,
生科学院,14,4,女,323,
生科学院,14,4,女,324,
生科学院,14,4,女,325,
生科学院,14,4,女,326,
生科学院,14,4,女,327,
生科学院,14,4,女,328,
生科学院,14,4,女,329,
生科学院,14,4,女,330,
生科学院,14,4,女,331,
生科学院,14,4,女,333,
生科学院,14,4,女,334,
生科学院,14,4,女,338,
生科学院,14,4,女,339,
生科学院,14,4,女,340,
生科学院,14,4,女,341,
生科学院,14,4,女,402,
生科学院,14,4,女,403,
生科学院,14,4,女,404,
生科学院,14,4,女,405,
生科学院,14,4,女,406,
生科学院,14,4,女,407,
生科学院,14,4,女,408,
生科学院,14,4,女,409,
生科学院,14,4,女,410,
生科学院,14,4,女,411,
生科学院,14,4,女,412,
生科学院,14,4,女,413,
生科学院,14,4,女,501,
生科学院,14,4,女,502,
生科学院,14,4,女,503,
生科学院,14,4,女,504,
生科学院,14,4,女,505,
生科学院,14,4,女,506,
生科学院,14,4,女,507,
生科学院,14,4,女,508,
生科学院,14,4,女,509,
生科学院,14,4,女,510,
生科学院,14,4,女,515,
生科学院,14,4,女,516,
生科学院,14,4,女,517,
生科学院,14,4,女,518,
生科学院,14,4,女,519,
生科学院,14,4,女,520,
生科学院,14,4,女,521,
生科学院,14,4,女,522,
生科学院,14,4,女,523,
生科学院,14,4,女,524,
生科学院,14,4,女,525,
生科学院,14,4,女,526,
生科学院,14,4,女,527,
生科学院,14,4,女,528,
生科学院,14,4,女,529,
生科学院,14,4,女,530,
生科学院,14,4,女,531,
生科学院,14,4,女,532,
生科学院,14,4,女,533,
生科学院,14,4,女,535,
生科学院,14,4,女,536,
生科学院,14,4,女,601,
生科学院,14,4,女,602,
生科学院,14,4,女,603,
生科学院,14,4,女,604,
生科学院,14,4,女,605,
生科学院,14,4,女,606,
生科学院,14,4,女,607,
生科学院,14,4,女,608,
生科学院,14,4,女,609,
生科学院,14,4,女,610,
生科学院,14,4,女,611,
生科学院,14,4,女,612,
生科学院,14,4,女,613,
生科学院,14,4,女,614,
生科学院,16,5,女,112,
生科学院,16,5,女,114,
生科学院,16,5,女,115,
生科学院,16,5,女,501,
生科学院,16,5,女,502,
生科学院,16,5,女,503,
生科学院,16,5,女,504,
生科学院,16,5,女,505,
生科学院,16,5,女,506,
生科学院,16,5,女,601,
生科学院,16,5,女,602,
生科学院,16,5,女,603,
生科学院,16,5,女,604,
生科学院,16,5,女,605,
生科学院,16,5,女,606,
生科学院,16,5,女,607,
生科学院,16,5,女,608,
生科学院,16,5,女,609,
生科学院,16,5,女,610,
生科学院,16,5,女,611,
生科学院,16,5,女,612,
生科学院,16,5,女,613,
生科学院,16,5,女,614,
生科学院,16,5,女,615,
生科学院,16,5,女,616,
生科学院,16,5,女,617,
生科学院,16,5,女,618,
生科学院,16,5,女,619,
生科学院,16,5,女,620,
生科学院,16,5,女,622,
生科学院,16,5,女,623,
生科学院,16,5,女,624,
生科学院,16,5,女,625,
生科学院,16,5,女,626,
生科学院,16,5,女,627,
生科学院,16,5,女,628,
生科学院,16,5,女,629,
生科学院,16,5,女,630,
生科学院,16,5,女,631,
生科学院,16,5,女,632,
体育学院,3,8,男,528,
体育学院,3,8,男,538,
体育学院,3,8,男,545,
体育学院,5,5,男,515,
体育学院,5,5,男,516,
体育学院,5,5,男,517,
体育学院,5,5,男,518,
体育学院,5,5,男,519,
体育学院,5,5,男,601,
体育学院,5,5,男,602,
体育学院,5,5,男,603,
体育学院,5,5,男,604,
体育学院,5,5,男,605,
体育学院,5,5,男,606,
体育学院,5,5,男,607,
体育学院,5,5,男,608,
体育学院,5,5,男,609,
体育学院,5,5,男,610,
体育学院,5,5,男,611,
体育学院,5,5,男,612,
体育学院,5,5,男,613,
体育学院,5,5,男,614,
体育学院,5,5,男,623,
体育学院,5,5,男,536,
体育学院,5,5,男,618,
体育学院,5,5,男,619,
体育学院,5,5,男,620,
体育学院,5,5,男,621,
体育学院,5,5,男,624,
体育学院,5,5,男,625,
体育学院,5,5,男,630,
体育学院,5,5,男,633,
体育学院,5,5,男,634,
体育学院,5,5,男,635,
体育学院,5,5,男,636,
体育学院,6,5,女,101,
体育学院,6,5,女,103,
体育学院,6,5,女,503,
体育学院,6,5,女,504,
体育学院,6,5,女,505,
体育学院,6,5,女,508,
体育学院,6,5,女,509,
体育学院,6,5,女,602,
体育学院,6,5,女,603,
体育学院,6,5,女,604,
体育学院,6,5,女,605,
体育学院,6,5,女,606,
体育学院,6,5,女,610,
体育学院,6,5,女,612,
体育学院,7,5,男,241,
体育学院,7,5,男,538,
体育学院,7,5,男,543,
体育学院,7,5,男,544,
体育学院,7,5,男,633,
体育学院,7,5,男,634,
体育学院,7,5,男,637,
体育学院,12,4,男,431,
体育学院,12,4,男,432,
体育学院,12,4,男,433,
体育学院,12,4,男,435,
体育学院,12,4,男,436,
体育学院,12,4,男,437,
体育学院,12,4,男,438,
体育学院,12,4,男,439,
体育学院,12,4,男,440,
体育学院,12,4,男,441,
体育学院,12,4,男,443,
体育学院,12,4,男,501,
体育学院,12,4,男,502,
体育学院,12,4,男,503,
体育学院,12,4,男,504,
体育学院,12,4,男,505,
体育学院,12,4,男,506,
体育学院,12,4,男,507,
体育学院,12,4,男,508,
体育学院,12,4,男,509,
体育学院,12,4,男,510,
体育学院,12,4,男,511,
体育学院,12,4,男,512,
体育学院,12,4,男,513,
体育学院,12,4,男,514,
体育学院,12,4,男,515,
体育学院,12,4,男,516,
体育学院,12,4,男,517,
体育学院,12,4,男,550,
体育学院,12,4,男,551,
体育学院,12,4,男,552,
体育学院,12,4,男,553,
体育学院,12,4,男,554,
体育学院,12,4,男,555,
体育学院,12,4,男,556,
体育学院,12,4,男,557,
体育学院,12,4,男,558,
体育学院,12,4,男,559,
体育学院,12,4,男,560,
体育学院,12,4,男,561,
体育学院,12,4,男,562,
体育学院,12,4,男,632,
体育学院,12,4,男,639,
体育学院,12,4,男,636,
体育学院,13,4,女,635,
体育学院,13,4,女,636,
体育学院,13,4,女,637,
体育学院,13,4,女,638,
体育学院,13,4,女,639,
体育学院,13,4,女,640,
体育学院,13,4,女,641,
体育学院,13,4,女,642,
体育学院,13,4,女,643,
体育学院,15,5,男,410,
体育学院,19,6,女,201,
体育学院,19,6,女,202,
体育学院,19,6,女,203,
体育学院,19,6,女,204,
体育学院,19,6,女,205,
土建学院,3,8,男,328,
土建学院,3,8,男,422,
土建学院,3,8,男,423,
土建学院,3,8,男,424,
土建学院,3,8,男,425,
土建学院,3,8,男,426,
土建学院,3,8,男,428,
土建学院,3,8,男,429,
土建学院,3,8,男,430,
土建学院,3,8,男,431,
土建学院,3,8,男,432,
土建学院,3,8,男,433,
土建学院,3,8,男,434,
土建学院,3,8,男,435,
土建学院,3,8,男,436,
土建学院,3,8,男,437,
土建学院,3,8,男,438,
土建学院,3,8,男,439,
土建学院,4,8,女,113,
土建学院,4,8,女,114,
土建学院,4,8,女,115,
土建学院,4,8,女,116,
土建学院,4,8,女,124,
土建学院,9,4,男,102,
土建学院,9,4,男,103,
土建学院,9,4,男,104,
土建学院,9,4,男,105,
土建学院,9,4,男,106,
土建学院,9,4,男,107,
土建学院,9,4,男,108,
土建学院,9,4,男,109,
土建学院,9,4,男,110,
土建学院,9,4,男,111,
土建学院,9,4,男,112,
土建学院,9,4,男,113,
土建学院,9,4,男,115,
土建学院,9,4,男,116,
土建学院,9,4,男,117,
土建学院,9,4,男,118,
土建学院,10,4,女,128,
土建学院,10,4,女,130,
土建学院,10,4,女,133,
土建学院,10,4,女,225,
土建学院,10,4,女,226,
土建学院,10,4,女,227,
土建学院,10,4,女,231,
土建学院,10,4,女,232,
土建学院,10,4,女,237,
土建学院,10,4,女,338,
土建学院,10,4,女,339,
土建学院,10,4,女,418,
土建学院,10,4,女,419,
土建学院,10,4,女,420,
土建学院,10,4,女,421,
土建学院,10,4,女,428,
土建学院,11,4,女,109,
土建学院,11,4,女,114,
土建学院,11,4,女,117,
土建学院,11,4,女,121,
土建学院,11,4,女,122,
土建学院,11,4,女,125,
土建学院,11,4,女,209,
土建学院,11,4,女,217,
土建学院,11,4,女,505,
土建学院,11,4,女,509,
土建学院,11,4,女,631,
土建学院,11,4,女,634,
土建学院,11,4,女,635,
土建学院,12,4,男,118,
土建学院,12,4,男,119,
土建学院,12,4,男,120,
土建学院,12,4,男,121,
土建学院,12,4,男,122,
土建学院,12,4,男,123,
土建学院,12,4,男,125,
土建学院,12,4,男,126,
土建学院,12,4,男,127,
土建学院,12,4,男,128,
土建学院,12,4,男,129,
土建学院,12,4,男,130,
土建学院,12,4,男,140,
土建学院,12,4,男,141,
土建学院,12,4,男,142,
土建学院,12,4,男,143,
土建学院,12,4,男,144,
土建学院,12,4,男,145,
土建学院,12,4,男,146,
土建学院,12,4,男,153,
土建学院,12,4,男,201,
土建学院,12,4,男,202,
土建学院,12,4,男,203,
土建学院,12,4,男,204,
土建学院,12,4,男,205,
土建学院,12,4,男,231,
土建学院,12,4,男,232,
土建学院,12,4,男,233,
土建学院,12,4,男,234,
土建学院,12,4,男,235,
土建学院,12,4,男,236,
土建学院,12,4,男,237,
土建学院,12,4,男,243,
土建学院,12,4,男,244,
土建学院,12,4,男,245,
土建学院,12,4,男,326,
土建学院,12,4,男,333,
土建学院,12,4,男,339,
土建学院,12,4,男,340,
土建学院,12,4,男,341,
土建学院,12,4,男,342,
土建学院,12,4,男,346,
土建学院,12,4,男,347,
土建学院,12,4,男,348,
土建学院,12,4,男,420,
土建学院,12,4,男,421,
土建学院,12,4,男,424,
土建学院,12,4,男,434,
土建学院,12,4,男,442,
土建学院,12,4,男,444,
土建学院,12,4,男,446,
土建学院,12,4,男,520,
土建学院,12,4,男,525,
土建学院,12,4,男,526,
土建学院,12,4,男,527,
土建学院,12,4,男,535,
土建学院,12,4,男,537,
土建学院,12,4,男,543,
土建学院,12,4,男,546,
土建学院,12,4,男,547,
土建学院,12,4,男,549,
土建学院,12,4,男,601,
土建学院,12,4,男,602,
土建学院,12,4,男,603,
土建学院,12,4,男,604,
土建学院,12,4,男,605,
土建学院,12,4,男,606,
土建学院,12,4,男,607,
土建学院,12,4,男,608,
土建学院,12,4,男,609,
土建学院,12,4,男,610,
土建学院,12,4,男,611,
土建学院,12,4,男,612,
土建学院,12,4,男,613,
土建学院,12,4,男,614,
土建学院,12,4,男,615,
土建学院,12,4,男,616,
土建学院,12,4,男,617,
土建学院,12,4,男,621,
土建学院,12,4,男,623,
土建学院,12,4,男,624,
土建学院,12,4,男,625,
土建学院,12,4,男,626,
土建学院,12,4,男,627,
土建学院,12,4,男,628,
土建学院,12,4,男,629,
土建学院,12,4,男,630,
土建学院,12,4,男,640,
土建学院,12,4,男,641,
土建学院,12,4,男,642,
土建学院,12,4,男,643,
土建学院,12,4,男,644,
土建学院,12,4,男,645,
土建学院,12,4,男,646,
土建学院,12,4,男,647,
土建学院,12,4,男,648,
土建学院,12,4,男,650,
土建学院,12,4,男,651,
土建学院,12,4,男,652,
土建学院,12,4,男,655,
土建学院,12,4,男,656,
土建学院,12,4,男,657,
土建学院,12,4,男,658,
土建学院,12,4,男,660,
土建学院,12,4,男,661,
土建学院,12,4,男,662,
土建学院,12,4,男,663,
土建学院,14,4,女,332,
土建学院,14,4,女,335,
土建学院,14,4,女,336,
土建学院,20,6,女,604,
土建学院,20,6,女,605,
土建学院,20,6,女,606,
外国语学院,3,8,男,226,
外国语学院,3,8,男,227,
外国语学院,3,8,男,228,
外国语学院,3,8,男,514,
外国语学院,4,8,女,101,
外国语学院,4,8,女,102,
外国语学院,4,8,女,103,
外国语学院,4,8,女,104,
外国语学院,4,8,女,105,
外国语学院,4,8,女,106,
外国语学院,4,8,女,107,
外国语学院,4,8,女,108,
外国语学院,4,8,女,109,
外国语学院,4,8,女,110,
外国语学院,4,8,女,112,
外国语学院,4,8,女,117,
外国语学院,4,8,女,118,
外国语学院,4,8,女,119,
外国语学院,4,8,女,120,
外国语学院,4,8,女,121,
外国语学院,4,8,女,122,
外国语学院,4,8,女,123,
外国语学院,4,8,女,125,
外国语学院,4,8,女,126,
外国语学院,4,8,女,127,
外国语学院,4,8,女,128,
外国语学院,4,8,女,129,
外国语学院,4,8,女,202,
外国语学院,4,8,女,203,
外国语学院,4,8,女,204,
外国语学院,4,8,女,205,
外国语学院,4,8,女,206,
外国语学院,4,8,女,207,
外国语学院,4,8,女,208,
外国语学院,4,8,女,209,
外国语学院,4,8,女,210,
外国语学院,4,8,女,211,
外国语学院,4,8,女,212,
外国语学院,4,8,女,213,
外国语学院,4,8,女,214,
外国语学院,4,8,女,215,
外国语学院,4,8,女,216,
外国语学院,4,8,女,217,
外国语学院,4,8,女,218,
外国语学院,4,8,女,219,
外国语学院,4,8,女,221,
外国语学院,4,8,女,222,
外国语学院,4,8,女,223,
外国语学院,4,8,女,224,
外国语学院,4,8,女,225,
外国语学院,4,8,女,226,
外国语学院,4,8,女,227,
外国语学院,4,8,女,228,
外国语学院,4,8,女,229,
外国语学院,4,8,女,301,
外国语学院,4,8,女,302,
外国语学院,4,8,女,303,
外国语学院,4,8,女,304,
外国语学院,4,8,女,305,
外国语学院,4,8,女,306,
外国语学院,4,8,女,307,
外国语学院,4,8,女,308,
外国语学院,4,8,女,309,
外国语学院,4,8,女,310,
外国语学院,4,8,女,311,
外国语学院,4,8,女,312,
外国语学院,4,8,女,313,
外国语学院,4,8,女,314,
外国语学院,4,8,女,315,
外国语学院,4,8,女,316,
外国语学院,4,8,女,317,
外国语学院,4,8,女,318,
外国语学院,4,8,女,319,
外国语学院,4,8,女,320,
外国语学院,4,8,女,321,
外国语学院,4,8,女,322,
外国语学院,4,8,女,323,
外国语学院,4,8,女,324,
外国语学院,4,8,女,325,
外国语学院,4,8,女,326,
外国语学院,4,8,女,327,
外国语学院,4,8,女,328,
外国语学院,4,8,女,329,
外国语学院,4,8,女,401,
外国语学院,4,8,女,402,
外国语学院,4,8,女,403,
外国语学院,4,8,女,404,
外国语学院,4,8,女,405,
外国语学院,4,8,女,406,
外国语学院,4,8,女,407,
外国语学院,4,8,女,408,
外国语学院,4,8,女,409,
外国语学院,4,8,女,410,
外国语学院,4,8,女,411,
外国语学院,4,8,女,412,
外国语学院,4,8,女,413,
外国语学院,4,8,女,414,
外国语学院,4,8,女,415,
外国语学院,4,8,女,416,
外国语学院,4,8,女,417,
外国语学院,4,8,女,419,
外国语学院,4,8,女,421,
外国语学院,4,8,女,422,
外国语学院,4,8,女,423,
外国语学院,4,8,女,425,
外国语学院,4,8,女,426,
外国语学院,4,8,女,427,
外国语学院,4,8,女,428,
外国语学院,4,8,女,429,
外国语学院,4,8,女,501,
外国语学院,4,8,女,502,
外国语学院,4,8,女,503,
外国语学院,4,8,女,504,
外国语学院,4,8,女,505,
外国语学院,4,8,女,506,
外国语学院,4,8,女,507,
外国语学院,4,8,女,508,
外国语学院,4,8,女,509,
外国语学院,4,8,女,510,
外国语学院,4,8,女,513,
外国语学院,4,8,女,514,
外国语学院,4,8,女,515,
外国语学院,4,8,女,516,
外国语学院,4,8,女,517,
外国语学院,7,8,男,137,
外国语学院,7,5,男,138,
外国语学院,7,5,男,139,
外国语学院,7,5,男,140,
外国语学院,7,5,男,141,
外国语学院,7,5,男,142,
外国语学院,7,5,男,143,
外国语学院,7,5,男,144,
外国语学院,7,5,男,145,
外国语学院,7,5,男,429,
物电学院,5,5,男,118,
物电学院,5,5,男,120,
物电学院,5,5,男,121,
物电学院,5,5,男,123,
物电学院,5,5,男,124,
物电学院,5,5,男,125,
物电学院,5,5,男,126,
物电学院,5,5,男,127,
物电学院,5,5,男,128,
物电学院,5,5,男,129,
物电学院,5,5,男,130,
物电学院,5,5,男,131,
物电学院,5,5,男,132,
物电学院,5,5,男,133,
物电学院,5,5,男,135,
物电学院,5,5,男,136,
物电学院,5,5,男,215,
物电学院,5,5,男,216,
物电学院,5,5,男,217,
物电学院,5,5,男,218,
物电学院,5,5,男,219,
物电学院,5,5,男,220,
物电学院,5,5,男,221,
物电学院,5,5,男,222,
物电学院,5,5,男,223,
物电学院,5,5,男,224,
物电学院,5,5,男,225,
物电学院,5,5,男,226,
物电学院,5,5,男,227,
物电学院,5,5,男,228,
物电学院,5,5,男,229,
物电学院,5,5,男,230,
物电学院,5,5,男,231,
物电学院,5,5,男,232,
物电学院,5,5,男,233,
物电学院,5,5,男,234,
物电学院,5,5,男,235,
物电学院,5,5,男,236,
物电学院,5,5,男,323,
物电学院,5,5,男,324,
物电学院,5,5,男,325,
物电学院,5,5,男,326,
物电学院,5,5,男,327,
物电学院,5,5,男,328,
物电学院,5,5,男,329,
物电学院,5,5,男,405,
物电学院,5,5,男,409,
物电学院,5,5,男,410,
物电学院,5,5,男,411,
物电学院,5,5,男,412,
物电学院,5,5,男,413,
物电学院,5,5,男,414,
物电学院,5,5,男,425,
物电学院,5,5,男,426,
物电学院,5,5,男,427,
物电学院,5,5,男,428,
物电学院,5,5,男,429,
物电学院,5,5,男,430,
物电学院,5,5,男,431,
物电学院,5,5,男,432,
物电学院,5,5,男,433,
物电学院,5,5,男,434,
物电学院,5,5,男,435,
物电学院,5,5,男,436,
物电学院,5,5,男,504,
物电学院,5,5,男,505,
物电学院,5,5,男,506,
物电学院,5,5,男,507,
物电学院,5,5,男,513,
物电学院,5,5,男,514,
物电学院,5,5,男,521,
物电学院,5,5,男,522,
物电学院,5,5,男,523,
物电学院,5,5,男,524,
物电学院,5,5,男,525,
物电学院,5,5,男,526,
物电学院,5,5,男,527,
物电学院,5,5,男,528,
物电学院,5,5,男,529,
物电学院,5,5,男,530,
物电学院,5,5,男,532,
物电学院,5,5,男,533,
物电学院,5,5,男,534,
物电学院,5,5,男,535,
物电学院,5,5,男,616,
物电学院,5,5,男,628,
物电学院,5,5,男,629,
物电学院,6,5,女,229,
物电学院,6,5,女,231,
物电学院,6,5,女,232,
物电学院,6,5,女,233,
物电学院,6,5,女,234,
物电学院,6,5,女,242,
物电学院,6,5,女,344,
物电学院,6,5,女,349,
物电学院,6,5,女,437,
物电学院,6,5,女,438,
物电学院,6,5,女,439,
物电学院,6,5,女,440,
物电学院,6,5,女,506,
物电学院,6,5,女,546,
物电学院,6,5,女,547,
物电学院,6,5,女,548,
物电学院,6,5,女,552,
物电学院,6,5,女,601,
物电学院,6,5,女,607,
物电学院,6,5,女,608,
物电学院,6,5,女,609,
物电学院,6,5,女,611,
物电学院,6,5,女,236,
物电学院,6,5,女,237,
物电学院,6,5,女,238,
物电学院,6,5,女,240,
物电学院,6,5,女,241,
物电学院,6,5,女,243,
物电学院,6,5,女,244,
物电学院,6,5,女,245,
物电学院,6,5,女,246,
物电学院,6,5,女,247,
物电学院,6,5,女,250,
物电学院,6,5,女,251,
物电学院,6,5,女,252,
物电学院,6,5,女,444,
物电学院,6,5,女,451,
物电学院,6,5,女,452,
物电学院,6,5,女,549,
物电学院,10,4,女,103,
物电学院,10,4,女,104,
物电学院,10,4,女,112,
物电学院,10,4,女,113,
物电学院,10,4,女,114,
物电学院,10,4,女,115,
物电学院,10,4,女,116,
物电学院,10,4,女,117,
物电学院,10,4,女,119,
物电学院,10,4,女,123,
物电学院,10,4,女,124,
物电学院,10,4,女,129,
物电学院,10,4,女,131,
物电学院,10,4,女,132,
物电学院,10,4,女,134,
物电学院,10,4,女,135,
物电学院,10,4,女,137,
物电学院,10,4,女,201,
物电学院,10,4,女,202,
物电学院,10,4,女,203,
物电学院,10,4,女,205,
物电学院,10,4,女,206,
物电学院,10,4,女,207,
物电学院,10,4,女,208,
物电学院,10,4,女,209,
物电学院,10,4,女,210,
物电学院,10,4,女,211,
物电学院,10,4,女,220,
物电学院,10,4,女,221,
物电学院,10,4,女,223,
物电学院,10,4,女,224,
物电学院,10,4,女,228,
物电学院,10,4,女,304,
物电学院,10,4,女,416,
物电学院,10,4,女,425,
物电学院,10,4,女,427,
物电学院,10,4,女,429,
物电学院,10,4,女,431,
物电学院,10,4,女,432,
物电学院,10,4,女,502,
物电学院,10,4,女,504,
物电学院,10,4,女,506,
物电学院,10,4,女,517,
物电学院,10,4,女,524,
物电学院,10,4,女,530,
物电学院,10,4,女,531,
艺传学院,3,8,男,205,
艺传学院,3,8,男,206,
艺传学院,3,8,男,207,
艺传学院,3,8,男,217,
艺传学院,3,8,男,317,
艺传学院,3,8,男,322,
艺传学院,3,8,男,323,
艺传学院,3,8,男,325,
艺传学院,3,8,男,334,
艺传学院,3,8,男,335,
艺传学院,3,8,男,337,
艺传学院,3,8,男,338,
艺传学院,3,8,男,340,
艺传学院,3,8,男,341,
艺传学院,3,8,男,342,
艺传学院,3,8,男,343,
艺传学院,3,8,男,344,
艺传学院,3,8,男,345,
艺传学院,3,8,男,346,
艺传学院,3,8,男,427,
艺传学院,3,8,男,442,
艺传学院,3,8,男,526,
艺传学院,3,8,男,542,
艺传学院,3,8,男,546,
艺传学院,7,5,男,101,
艺传学院,7,5,男,102,
艺传学院,7,5,男,103,
艺传学院,7,5,男,105,
艺传学院,7,5,男,107,
艺传学院,7,5,男,108,
艺传学院,7,5,男,109,
艺传学院,7,5,男,113,
艺传学院,7,5,男,115,
艺传学院,7,5,男,116,
艺传学院,7,5,男,117,
艺传学院,7,5,男,122,
艺传学院,7,5,男,123,
艺传学院,7,5,男,124,
艺传学院,7,5,男,134,
艺传学院,7,5,男,135,
艺传学院,7,5,男,144,
艺传学院,7,5,男,208,
艺传学院,7,5,男,211,
艺传学院,7,5,男,212,
艺传学院,7,5,男,215,
艺传学院,7,5,男,217,
艺传学院,7,5,男,223,
艺传学院,7,5,男,226,
艺传学院,7,5,男,235,
艺传学院,7,5,男,308,
艺传学院,7,5,男,312,
艺传学院,7,5,男,317,
艺传学院,7,5,男,321,
艺传学院,7,5,男,322,
艺传学院,7,5,男,323,
艺传学院,7,5,男,331,
艺传学院,7,5,男,532,
艺传学院,7,5,男,533,
艺传学院,7,5,男,534,
艺传学院,7,5,男,537,
艺传学院,7,5,男,540,
艺传学院,7,5,男,632,
艺传学院,8,4,女,102,
艺传学院,8,4,女,103,
艺传学院,8,4,女,104,
艺传学院,8,4,女,105,
艺传学院,8,4,女,122,
艺传学院,8,4,女,130,
艺传学院,8,4,女,131,
艺传学院,8,4,女,132,
艺传学院,8,4,女,133,
艺传学院,8,4,女,134,
艺传学院,8,4,女,135,
艺传学院,8,4,女,136,
艺传学院,8,4,女,137,
艺传学院,8,4,女,138,
艺传学院,8,4,女,139,
艺传学院,8,4,女,140,
艺传学院,8,4,女,141,
艺传学院,8,4,女,142,
艺传学院,8,4,女,214,
艺传学院,8,4,女,215,
艺传学院,8,4,女,216,
艺传学院,8,4,女,217,
艺传学院,8,4,女,218,
艺传学院,8,4,女,239,
艺传学院,8,4,女,240,
艺传学院,8,4,女,241,
艺传学院,8,4,女,242,
艺传学院,8,4,女,340,
艺传学院,8,4,女,341,
艺传学院,8,4,女,342,
艺传学院,8,4,女,401,
艺传学院,8,4,女,402,
艺传学院,8,4,女,403,
艺传学院,8,4,女,404,
艺传学院,8,4,女,405,
艺传学院,8,4,女,406,
艺传学院,8,4,女,407,
艺传学院,8,4,女,408,
艺传学院,8,4,女,409,
艺传学院,8,4,女,410,
艺传学院,8,4,女,411,
艺传学院,8,4,女,412,
艺传学院,8,4,女,413,
艺传学院,8,4,女,440,
艺传学院,8,4,女,441,
艺传学院,8,4,女,442,
艺传学院,8,4,女,501,
艺传学院,8,4,女,502,
艺传学院,8,4,女,506,
艺传学院,8,4,女,507,
艺传学院,8,4,女,508,
艺传学院,8,4,女,540,
艺传学院,8,4,女,541,
艺传学院,8,4,女,542,
艺传学院,8,4,女,604,
艺传学院,8,4,女,605,
艺传学院,8,4,女,606,
艺传学院,8,4,女,607,
艺传学院,8,4,女,608,
艺传学院,8,4,女,609,
艺传学院,8,4,女,610,
艺传学院,8,4,女,625,
艺传学院,8,4,女,627,
艺传学院,8,4,女,628,
艺传学院,8,4,女,629,
艺传学院,8,4,女,630,
艺传学院,8,4,女,631,
艺传学院,8,4,女,632,
艺传学院,8,4,女,633,
艺传学院,8,4,女,634,
艺传学院,8,4,女,635,
艺传学院,8,4,女,636,
艺传学院,8,4,女,637,
艺传学院,8,4,女,638,
艺传学院,8,4,女,639,
艺传学院,8,4,女,640,
艺传学院,8,4,女,641,
艺传学院,8,4,女,642,
艺传学院,11,4,女,213,
艺传学院,13,4,女,355,
艺传学院,13,4,女,356,
艺传学院,13,4,女,357,
艺传学院,13,4,女,401,
艺传学院,13,4,女,402,
艺传学院,13,4,女,403,
艺传学院,13,4,女,404,
艺传学院,13,4,女,405,
艺传学院,13,4,女,406,
艺传学院,13,4,女,407,
艺传学院,13,4,女,408,
艺传学院,13,4,女,409,
艺传学院,13,4,女,410,
艺传学院,13,4,女,411,
艺传学院,13,4,女,412,
艺传学院,13,4,女,413,
艺传学院,13,4,女,414,
艺传学院,13,4,女,415,
艺传学院,13,4,女,416,
艺传学院,13,4,女,417,
艺传学院,13,4,女,418,
艺传学院,13,4,女,419,
艺传学院,13,4,女,420,
艺传学院,13,4,女,421,
艺传学院,13,4,女,422,
艺传学院,13,4,女,424,
艺传学院,13,4,女,425,
艺传学院,13,4,女,426,
艺传学院,13,4,女,427,
艺传学院,13,4,女,428,
艺传学院,13,4,女,429,
艺传学院,14,4,女,101,
艺传学院,14,4,女,102,
艺传学院,14,4,女,104,
艺传学院,14,4,女,113,
艺传学院,14,4,女,115,
艺传学院,14,4,女,117,
艺传学院,14,4,女,121,
艺传学院,14,4,女,124,
艺传学院,14,4,女,128,
艺传学院,14,4,女,130,
艺传学院,14,4,女,131,
艺传学院,14,4,女,133,
艺传学院,14,4,女,138,
艺传学院,14,4,女,215,
艺传学院,14,4,女,217,
艺传学院,14,4,女,219,
艺传学院,14,4,女,231,
艺传学院,14,4,女,240,
艺传学院,14,4,女,414,
艺传学院,14,4,女,416,
艺传学院,14,4,女,417,
艺传学院,14,4,女,418,
艺传学院,14,4,女,420,
艺传学院,14,4,女,422,
艺传学院,14,4,女,423,
艺传学院,14,4,女,424,
艺传学院,14,4,女,425,
艺传学院,14,4,女,426,
艺传学院,14,4,女,427,
艺传学院,14,4,女,428,
艺传学院,14,4,女,429,
艺传学院,14,4,女,430,
艺传学院,14,4,女,431,
艺传学院,14,4,女,432,
艺传学院,14,4,女,433,
艺传学院,14,4,女,435,
艺传学院,14,4,女,436,
艺传学院,14,4,女,437,
艺传学院,14,4,女,439,
艺传学院,14,4,女,440,
艺传学院,14,4,女,441,
艺传学院,14,4,女,511,
艺传学院,14,4,女,512,
艺传学院,14,4,女,513,
艺传学院,14,4,女,514,
艺传学院,14,4,女,538,
艺传学院,14,4,女,539,
艺传学院,14,4,女,540,
艺传学院,14,4,女,541,
艺传学院,14,4,女,615,
艺传学院,14,4,女,616,
艺传学院,14,4,女,617,
艺传学院,14,4,女,618,
艺传学院,14,4,女,619,
艺传学院,14,4,女,620,
艺传学院,14,4,女,621,
艺传学院,14,4,女,622,
艺传学院,14,4,女,624,
艺传学院,14,4,女,627,
艺传学院,14,4,女,628,
艺传学院,14,4,女,630,
艺传学院,14,4,女,631,
艺传学院,14,4,女,632,
艺传学院,14,4,女,639,
艺传学院,14,4,女,641,
艺传学院,17,6,女,207,
艺传学院,17,6,女,208,
艺传学院,17,6,女,209,
艺传学院,17,6,女,210,
艺传学院,17,6,女,211,
艺传学院,17,6,女,212,
艺传学院,17,6,女,213,
艺传学院,17,6,女,214,
艺传学院,17,6,女,215,
艺传学院,17,6,女,216,
艺传学院,17,6,女,217,
艺传学院,17,6,女,219,
艺传学院,17,6,女,220,
艺传学院,17,6,女,221,
艺传学院,17,6,女,222,
艺传学院,17,6,女,223,
艺传学院,17,6,女,224,
艺传学院,17,6,女,225,
艺传学院,17,6,女,226,
艺传学院,17,6,女,227,
艺传学院,17,6,女,301,
艺传学院,17,6,女,302,
艺传学院,17,6,女,303,
艺传学院,17,6,女,304,
艺传学院,17,6,女,305,
艺传学院,17,6,女,306,
艺传学院,17,6,女,307,
艺传学院,17,6,女,308,
艺传学院,17,6,女,309,
艺传学院,17,6,女,310,
艺传学院,17,6,女,311,
艺传学院,17,6,女,312,
数计学院,3,8,男,236,
数计学院,3,8,男,237,
数计学院,3,8,男,238,
数计学院,5,5,男,101,
数计学院,5,5,男,102,
数计学院,5,5,男,103,
数计学院,5,5,男,104,
数计学院,5,5,男,105,
数计学院,5,5,男,106,
数计学院,5,5,男,114,
数计学院,5,5,男,203,
数计学院,5,5,男,204,
数计学院,5,5,男,205,
数计学院,5,5,男,206,
数计学院,5,5,男,207,
数计学院,5,5,男,208,
数计学院,5,5,男,209,
数计学院,5,5,男,210,
数计学院,5,5,男,211,
数计学院,5,5,男,212,
数计学院,5,5,男,213,
数计学院,5,5,男,214,
数计学院,6,5,女,105,
数计学院,6,5,女,106,
数计学院,6,5,女,107,
数计学院,6,5,女,108,
数计学院,6,5,女,109,
数计学院,6,5,女,110,
数计学院,6,5,女,111,
数计学院,6,5,女,112,
数计学院,6,5,女,113,
数计学院,6,5,女,114,
数计学院,6,5,女,117,
数计学院,6,5,女,118,
数计学院,6,5,女,119,
数计学院,6,5,女,120,
数计学院,6,5,女,121,
数计学院,6,5,女,122,
数计学院,6,5,女,123,
数计学院,6,5,女,124,
数计学院,6,5,女,125,
数计学院,6,5,女,126,
数计学院,6,5,女,139,
数计学院,6,5,女,140,
数计学院,6,5,女,141,
数计学院,7,5,男,227,
数计学院,7,5,男,228,
数计学院,7,5,男,230,
数计学院,7,5,男,231,
数计学院,7,5,男,233,
数计学院,7,5,男,440,
数计学院,7,5,男,442,
数计学院,7,5,男,447,
数计学院,7,5,男,448,
数计学院,7,5,男,449,
数计学院,7,5,男,610,
数计学院,7,5,男,611,
数计学院,7,5,男,612,
数计学院,7,5,男,613,
数计学院,7,5,男,616,
数计学院,7,5,男,617,
数计学院,11,4,女,126,
数计学院,11,4,女,127,
数计学院,11,4,女,128,
数计学院,11,4,女,129,
数计学院,11,4,女,130,
数计学院,11,4,女,131,
数计学院,11,4,女,132,
数计学院,11,4,女,219,
数计学院,11,4,女,318,
数计学院,11,4,女,319,
数计学院,11,4,女,320,
数计学院,11,4,女,321,
数计学院,11,4,女,322,
数计学院,11,4,女,324,
数计学院,11,4,女,329,
数计学院,11,4,女,334,
数计学院,11,4,女,427,
数计学院,11,4,女,428,
数计学院,11,4,女,429,
数计学院,11,4,女,430,
数计学院,11,4,女,435,
数计学院,11,4,女,516,
数计学院,11,4,女,517,
数计学院,11,4,女,518,
数计学院,11,4,女,519,
数计学院,11,4,女,520,
数计学院,11,4,女,530,
数计学院,11,4,女,532,
数计学院,13,4,女,506,
数计学院,13,4,女,507,
数计学院,13,4,女,508,
数计学院,13,4,女,509,
数计学院,13,4,女,510,
数计学院,13,4,女,511,
数计学院,13,4,女,512,
数计学院,13,4,女,513,
数计学院,13,4,女,514,
数计学院,13,4,女,515,
数计学院,13,4,女,516,
数计学院,13,4,女,517,
数计学院,13,4,女,518,
数计学院,13,4,女,519,
数计学院,13,4,女,520,
数计学院,13,4,女,521,
数计学院,13,4,女,522,
数计学院,13,4,女,523,
数计学院,13,4,女,524,
数计学院,13,4,女,525,
数计学院,13,4,女,526,
数计学院,13,4,女,527,
数计学院,13,4,女,528,
数计学院,13,4,女,529,
数计学院,13,4,女,530,
数计学院,13,4,女,531,
数计学院,13,4,女,532,
数计学院,13,4,女,533,
数计学院,15,5,男,551,
数计学院,15,5,男,609,
数计学院,15,5,男,610,
数计学院,15,5,男,611,
数计学院,15,5,男,612,
数计学院,15,5,男,613,
数计学院,15,5,男,614,
数计学院,15,5,男,615,
数计学院,15,5,男,616,
数计学院,15,5,男,617,
数计学院,15,5,男,624,
数计学院,15,5,男,631,
数计学院,15,5,男,648,
数计学院,15,5,男,649,
数计学院,15,5,男,650,
数计学院,15,5,男,651,
数计学院,19,6,女,206,
数计学院,19,6,女,207,
数计学院,19,6,女,301,
数计学院,19,6,女,302,
数计学院,19,6,女,303,
数计学院,19,6,女,304,
数计学院,19,6,女,305,
数计学院,19,6,女,306,
数计学院,19,6,女,307,
数计学院,19,6,女,401,
数计学院,19,6,女,402,
数计学院,19,6,女,403,
数计学院,19,6,女,404,
数计学院,19,6,女,405,
数计学院,19,6,女,406,
数计学院,19,6,女,407,
数计学院,19,6,女,501,
数计学院,19,6,女,502,
数计学院,19,6,女,503,
数计学院,19,6,女,504,
数计学院,19,6,女,505,
数计学院,19,6,女,506,
数计学院,19,6,女,507,
资旅学院,3,8,男,239,
资旅学院,3,8,男,240,
资旅学院,3,8,男,241,
资旅学院,3,8,男,242,
资旅学院,3,8,男,243,
资旅学院,3,8,男,245,
资旅学院,3,8,男,336,
资旅学院,3,8,男,405,
资旅学院,3,8,男,537,
资旅学院,3,8,男,539,
资旅学院,3,8,男,540,
资旅学院,3,8,男,541,
资旅学院,3,8,男,543,
资旅学院,3,8,男,544,
资旅学院,6,5,女,409,
资旅学院,6,5,女,410,
资旅学院,6,5,女,411,
资旅学院,6,5,女,412,
资旅学院,6,5,女,420,
资旅学院,6,5,女,422,
资旅学院,6,5,女,424,
资旅学院,6,5,女,431,
资旅学院,6,5,女,433,
资旅学院,6,5,女,435,
资旅学院,6,5,女,436,
资旅学院,6,5,女,450,
资旅学院,6,5,女,507,
资旅学院,6,5,女,512,
资旅学院,6,5,女,527,
资旅学院,6,5,女,534,
资旅学院,6,5,女,543,
资旅学院,6,5,女,550,
资旅学院,6,5,女,551,
资旅学院,6,5,女,613,
资旅学院,6,5,女,614,
资旅学院,6,5,女,617,
资旅学院,6,5,女,618,
资旅学院,6,5,女,621,
资旅学院,6,5,女,622,
资旅学院,6,5,女,623,
资旅学院,6,5,女,624,
资旅学院,6,5,女,625,
资旅学院,6,5,女,626,
资旅学院,6,5,女,627,
资旅学院,6,5,女,628,
资旅学院,6,5,女,629,
资旅学院,6,5,女,631,
资旅学院,6,5,女,632,
资旅学院,6,5,女,633,
资旅学院,6,5,女,635,
资旅学院,6,5,女,636,
资旅学院,6,5,女,637,
资旅学院,6,5,女,644,
资旅学院,6,5,女,645,
资旅学院,7,5,男,333,
资旅学院,7,5,男,334,
资旅学院,7,5,男,344,
资旅学院,7,5,男,345,
资旅学院,7,5,男,346,
资旅学院,7,5,男,348,
资旅学院,7,5,男,418,
资旅学院,7,5,男,430,
资旅学院,7,5,男,431,
资旅学院,7,5,男,432,
资旅学院,7,5,男,513,
资旅学院,7,5,男,514,
资旅学院,7,5,男,517,
资旅学院,7,5,男,635,
资旅学院,7,5,男,638,
资旅学院,7,5,男,645,
资旅学院,7,5,男,646,
资旅学院,8,4,女,106,
资旅学院,8,4,女,107,
资旅学院,8,4,女,108,
资旅学院,8,4,女,109,
资旅学院,8,4,女,110,
资旅学院,8,4,女,111,
资旅学院,8,4,女,112,
资旅学院,8,4,女,113,
资旅学院,8,4,女,114,
资旅学院,8,4,女,201,
资旅学院,8,4,女,202,
资旅学院,8,4,女,203,
资旅学院,8,4,女,204,
资旅学院,8,4,女,205,
资旅学院,8,4,女,206,
资旅学院,8,4,女,207,
资旅学院,8,4,女,208,
资旅学院,8,4,女,209,
资旅学院,8,4,女,210,
资旅学院,8,4,女,211,
资旅学院,8,4,女,212,
资旅学院,8,4,女,213,
资旅学院,8,4,女,301,
资旅学院,8,4,女,302,
资旅学院,8,4,女,303,
资旅学院,8,4,女,304,
资旅学院,8,4,女,305,
资旅学院,8,4,女,306,
资旅学院,8,4,女,307,
资旅学院,8,4,女,308,
资旅学院,8,4,女,309,
资旅学院,8,4,女,310,
资旅学院,8,4,女,311,
资旅学院,8,4,女,312,
资旅学院,8,4,女,313,
资旅学院,8,4,女,503,
资旅学院,8,4,女,504,
资旅学院,8,4,女,505,
资旅学院,8,4,女,509,
资旅学院,8,4,女,510,
资旅学院,9,4,男,614,
资旅学院,9,4,男,615,
资旅学院,9,4,男,616,
资旅学院,9,4,男,617,
资旅学院,13,4,女,216,
资旅学院,13,4,女,217,
资旅学院,13,4,女,218,
资旅学院,13,4,女,219,
资旅学院,13,4,女,220,
资旅学院,13,4,女,222,
资旅学院,13,4,女,223,
资旅学院,13,4,女,224,
资旅学院,13,4,女,225,
资旅学院,13,4,女,226,
资旅学院,13,4,女,227,
资旅学院,13,4,女,228,
资旅学院,13,4,女,229,
资旅学院,13,4,女,230,
资旅学院,13,4,女,231,
资旅学院,13,4,女,232,
资旅学院,13,4,女,233,
资旅学院,13,4,女,234,
资旅学院,13,4,女,235,
资旅学院,13,4,女,239,
资旅学院,13,4,女,240,
资旅学院,13,4,女,241,
资旅学院,13,4,女,242,
资旅学院,13,4,女,243,
资旅学院,13,4,女,244,
资旅学院,13,4,女,245,
资旅学院,13,4,女,246,
资旅学院,13,4,女,247,
资旅学院,13,4,女,248,
资旅学院,13,4,女,249,
资旅学院,13,4,女,250,
资旅学院,13,4,女,251,
资旅学院,13,4,女,252,
资旅学院,13,4,女,253,
资旅学院,13,4,女,254,
资旅学院,13,4,女,256,
资旅学院,13,4,女,257,
资旅学院,13,4,女,301,
资旅学院,13,4,女,302,
资旅学院,13,4,女,303,
资旅学院,13,4,女,304,
资旅学院,13,4,女,305,
资旅学院,13,4,女,306,
资旅学院,13,4,女,307,
资旅学院,13,4,女,308,
资旅学院,13,4,女,538,
资旅学院,14,4,女,220,
资旅学院,14,4,女,221,
资旅学院,14,4,女,222,
资旅学院,14,4,女,223,
资旅学院,14,4,女,224,
资旅学院,14,4,女,225,
资旅学院,14,4,女,226,
资旅学院,14,4,女,227,
资旅学院,14,4,女,401,
资旅学院,14,4,女,638,
资旅学院,14,4,女,640,
资旅学院,16,5,女,116,
资旅学院,16,5,女,117,
资旅学院,16,5,女,118,
资旅学院,16,5,女,119,
资旅学院,16,5,女,120,
资旅学院,16,5,女,121,
资旅学院,16,5,女,122,
资旅学院,16,5,女,123,
资旅学院,16,5,女,125,
资旅学院,16,5,女,126,
资旅学院,16,5,女,127,
资旅学院,16,5,女,128,
资旅学院,16,5,女,129,
资旅学院,16,5,女,205,
资旅学院,16,5,女,206,
资旅学院,16,5,女,207,
资旅学院,16,5,女,208,
资旅学院,16,5,女,209,
资旅学院,16,5,女,210,
资旅学院,16,5,女,211,
资旅学院,16,5,女,212,
资旅学院,16,5,女,213,
资旅学院,16,5,女,214,
资旅学院,16,5,女,215,
资旅学院,16,5,女,216,
资旅学院,16,5,女,217,
资旅学院,16,5,女,218,
资旅学院,16,5,女,219,
资旅学院,16,5,女,220,
资旅学院,16,5,女,221,
资旅学院,16,5,女,222,
资旅学院,16,5,女,223,
资旅学院,16,5,女,224,
资旅学院,16,5,女,225,
资旅学院,16,5,女,226,
资旅学院,16,5,女,227,
资旅学院,16,5,女,228,
资旅学院,16,5,女,229,
资旅学院,16,5,女,230,
资旅学院,16,5,女,231,
资旅学院,16,5,女,232,
文史学院,3,8,男,121,
文史学院,3,8,男,122,
文史学院,3,8,男,125,
文史学院,3,8,男,126,
文史学院,6,5,女,142,
文史学院,6,5,女,143,
文史学院,6,5,女,201,
文史学院,6,5,女,202,
文史学院,6,5,女,207,
文史学院,6,5,女,248,
文史学院,6,5,女,308,
文史学院,6,5,女,309,
文史学院,6,5,女,310,
文史学院,6,5,女,320,
文史学院,6,5,女,321,
文史学院,6,5,女,339,
文史学院,6,5,女,441,
文史学院,6,5,女,442,
文史学院,6,5,女,443,
文史学院,6,5,女,445,
文史学院,6,5,女,446,
文史学院,6,5,女,447,
文史学院,6,5,女,448,
文史学院,6,5,女,449,
文史学院,6,5,女,501,
文史学院,6,5,女,502,
文史学院,6,5,女,522,
文史学院,6,5,女,536,
文史学院,6,5,女,615,
文史学院,6,5,女,616,
文史学院,6,5,女,619,
文史学院,6,5,女,620,
文史学院,6,5,女,634,
文史学院,6,5,女,640,
文史学院,6,5,女,641,
文史学院,6,5,女,642,
文史学院,6,5,女,646,
文史学院,6,5,女,647,
文史学院,6,5,女,648,
文史学院,6,5,女,649,
文史学院,6,5,女,650,
文史学院,6,5,女,651,
文史学院,6,5,女,652,
文史学院,7,5,男,209,
文史学院,7,5,男,210,
文史学院,7,5,男,214,
文史学院,7,5,男,324,
文史学院,7,5,男,402,
文史学院,7,5,男,403,
文史学院,7,5,男,404,
文史学院,7,5,男,405,
文史学院,7,5,男,406,
文史学院,7,5,男,407,
文史学院,7,5,男,408,
文史学院,7,5,男,410,
文史学院,7,5,男,523,
文史学院,9,4,男,325,
文史学院,9,4,男,326,
文史学院,9,4,男,327,
文史学院,9,4,男,328,
文史学院,10,4,女,305,
文史学院,10,4,女,312,
文史学院,10,4,女,313,
文史学院,10,4,女,315,
文史学院,10,4,女,316,
文史学院,10,4,女,317,
文史学院,10,4,女,318,
文史学院,10,4,女,319,
文史学院,10,4,女,320,
文史学院,10,4,女,321,
文史学院,10,4,女,324,
文史学院,10,4,女,401,
文史学院,10,4,女,402,
文史学院,10,4,女,403,
文史学院,10,4,女,404,
文史学院,10,4,女,406,
文史学院,10,4,女,407,
文史学院,10,4,女,408,
文史学院,10,4,女,410,
文史学院,10,4,女,411,
文史学院,10,4,女,412,
文史学院,10,4,女,423,
文史学院,10,4,女,424,
文史学院,10,4,女,439,
文史学院,10,4,女,501,
文史学院,10,4,女,507,
文史学院,10,4,女,519,
文史学院,10,4,女,523,
文史学院,10,4,女,527,
文史学院,10,4,女,528,
文史学院,10,4,女,532,
文史学院,10,4,女,534,
文史学院,11,4,女,112,
文史学院,11,4,女,123,
文史学院,11,4,女,133,
文史学院,11,4,女,208,
文史学院,11,4,女,307,
文史学院,11,4,女,311,
文史学院,11,4,女,506,
文史学院,11,4,女,508,
文史学院,11,4,女,510,
文史学院,11,4,女,515,
文史学院,13,4,女,309,
文史学院,13,4,女,310,
文史学院,13,4,女,311,
文史学院,13,4,女,312,
文史学院,13,4,女,313,
文史学院,13,4,女,314,
文史学院,13,4,女,315,
文史学院,13,4,女,316,
文史学院,13,4,女,317,
文史学院,13,4,女,318,
文史学院,13,4,女,319,
文史学院,13,4,女,320,
文史学院,13,4,女,321,
文史学院,13,4,女,322,
文史学院,13,4,女,323,
文史学院,13,4,女,324,
文史学院,13,4,女,325,
文史学院,13,4,女,326,
文史学院,13,4,女,327,
文史学院,13,4,女,328,
文史学院,13,4,女,329,
文史学院,13,4,女,330,
文史学院,13,4,女,331,
文史学院,13,4,女,332,
文史学院,13,4,女,333,
文史学院,13,4,女,334,
文史学院,13,4,女,335,
文史学院,13,4,女,336,
文史学院,13,4,女,337,
文史学院,13,4,女,338,
文史学院,13,4,女,339,
文史学院,13,4,女,340,
文史学院,13,4,女,341,
文史学院,13,4,女,342,
文史学院,13,4,女,343,
文史学院,13,4,女,344,
文史学院,13,4,女,345,
文史学院,13,4,女,346,
文史学院,13,4,女,347,
文史学院,13,4,女,348,
文史学院,13,4,女,349,
文史学院,13,4,女,350,
文史学院,13,4,女,351,
文史学院,13,4,女,352,
文史学院,13,4,女,353,
文史学院,13,4,女,354,
文史学院,16,5,女,201,
文史学院,16,5,女,202,
文史学院,16,5,女,203,
文史学院,16,5,女,204,
文史学院,16,5,女,301,
文史学院,16,5,女,302,
文史学院,16,5,女,303,
文史学院,16,5,女,304,
文史学院,16,5,女,305,
文史学院,16,5,女,306,
文史学院,16,5,女,307,
文史学院,16,5,女,308,
文史学院,16,5,女,309,
文史学院,16,5,女,310,
文史学院,16,5,女,311,
文史学院,16,5,女,312,
文史学院,16,5,女,313,
文史学院,16,5,女,314,
文史学院,16,5,女,315,
文史学院,16,5,女,316,
文史学院,16,5,女,317,
文史学院,16,5,女,318,
文史学院,16,5,女,319,
文史学院,16,5,女,320,
文史学院,16,5,女,321,
文史学院,17,6,女,101,
文史学院,17,6,女,102,
文史学院,17,6,女,103,
文史学院,17,6,女,104,
文史学院,17,6,女,105,
文史学院,17,6,女,106,
文史学院,17,6,女,107,
文史学院,17,6,女,108,
文史学院,17,6,女,109,
文史学院,17,6,女,110,
文史学院,17,6,女,111,
文史学院,17,6,女,112,
文史学院,17,6,女,113,
文史学院,17,6,女,114,
文史学院,17,6,女,115,
文史学院,17,6,女,116,
文史学院,17,6,女,117,
文史学院,17,6,女,118,
文史学院,17,6,女,119,
文史学院,17,6,女,121,
文史学院,17,6,女,123,
文史学院,17,6,女,124,
文史学院,17,6,女,125,
文史学院,17,6,女,126,
文史学院,17,6,女,201,
文史学院,17,6,女,202,
文史学院,17,6,女,203,
文史学院,17,6,女,204,
文史学院,17,6,女,205,
文史学院,17,6,女,206,
文史学院,17,6,女,313,
文史学院,17,6,女,314,
文史学院,17,6,女,315,
计算机学院,3,8,男,201,
计算机学院,3,8,男,202,
计算机学院,3,8,男,203,
计算机学院,3,8,男,204,
计算机学院,3,8,男,527,
计算机学院,3,8,男,529,
计算机学院,3,8,男,530,
计算机学院,3,8,男,531,
计算机学院,3,8,男,532,
计算机学院,3,8,男,533,
计算机学院,3,8,男,534,
计算机学院,3,8,男,535,
计算机学院,3,8,男,536,
计算机学院,5,5,男,501,
计算机学院,5,5,男,502,
计算机学院,5,5,男,503,
计算机学院,5,5,男,508,
计算机学院,5,5,男,531,
计算机学院,5,5,男,615,
计算机学院,5,5,男,622,
计算机学院,5,5,男,623,
计算机学院,5,5,男,626,
计算机学院,5,5,男,627,
计算机学院,12,4,男,105,
计算机学院,12,4,男,106,
计算机学院,12,4,男,107,
计算机学院,12,4,男,108,
计算机学院,12,4,男,109,
计算机学院,12,4,男,112,
计算机学院,12,4,男,113,
计算机学院,12,4,男,114,
计算机学院,12,4,男,115,
计算机学院,12,4,男,116,
计算机学院,12,4,男,154,
计算机学院,12,4,男,155,
计算机学院,12,4,男,156,
计算机学院,12,4,男,157,
计算机学院,12,4,男,159,
计算机学院,12,4,男,160,
计算机学院,12,4,男,238,
计算机学院,12,4,男,239,
计算机学院,12,4,男,240,
计算机学院,12,4,男,241,
计算机学院,12,4,男,242,
计算机学院,12,4,男,263,
计算机学院,12,4,男,304,
计算机学院,12,4,男,305,
计算机学院,12,4,男,306,
计算机学院,12,4,男,307,
计算机学院,12,4,男,308,
计算机学院,12,4,男,309,
计算机学院,12,4,男,310,
计算机学院,12,4,男,311,
计算机学院,12,4,男,312,
计算机学院,12,4,男,313,
计算机学院,12,4,男,314,
计算机学院,12,4,男,320,
计算机学院,12,4,男,321,
计算机学院,12,4,男,322,
计算机学院,12,4,男,331,
计算机学院,12,4,男,332,
计算机学院,12,4,男,329,
计算机学院,12,4,男,334,
计算机学院,12,4,男,335,
计算机学院,12,4,男,336,
计算机学院,12,4,男,337,
计算机学院,12,4,男,338,
计算机学院,12,4,男,343,
计算机学院,12,4,男,344,
计算机学院,12,4,男,345,
计算机学院,12,4,男,359,
计算机学院,12,4,男,363,
计算机学院,12,4,男,401,
计算机学院,12,4,男,402,
计算机学院,12,4,男,403,
计算机学院,12,4,男,404,
计算机学院,12,4,男,405,
计算机学院,12,4,男,406,
计算机学院,12,4,男,407,
计算机学院,12,4,男,408,
计算机学院,12,4,男,409,
计算机学院,12,4,男,410,
计算机学院,12,4,男,411,
计算机学院,12,4,男,412,
计算机学院,12,4,男,413,
计算机学院,12,4,男,415,
计算机学院,12,4,男,416,
计算机学院,12,4,男,417,
计算机学院,12,4,男,418,
计算机学院,12,4,男,419,
计算机学院,12,4,男,420,
计算机学院,12,4,男,421,
计算机学院,12,4,男,445,
计算机学院,12,4,男,447,
计算机学院,12,4,男,455,
计算机学院,12,4,男,456,
计算机学院,12,4,男,462,
计算机学院,12,4,男,518,
计算机学院,12,4,男,519,
计算机学院,12,4,男,521,
计算机学院,12,4,男,522,
计算机学院,12,4,男,523,
计算机学院,12,4,男,528,
计算机学院,12,4,男,529,
计算机学院,12,4,男,530,
计算机学院,12,4,男,531,
计算机学院,12,4,男,532,
计算机学院,12,4,男,533,
计算机学院,12,4,男,534,
计算机学院,12,4,男,536,
计算机学院,12,4,男,538,
计算机学院,12,4,男,539,
计算机学院,12,4,男,540,
计算机学院,12,4,男,541,
计算机学院,12,4,男,542,
计算机学院,12,4,男,544,
计算机学院,12,4,男,545,
计算机学院,12,4,男,548,
计算机学院,12,4,男,619,
计算机学院,12,4,男,622,
计算机学院,12,4,男,631,
计算机学院,12,4,男,633,
计算机学院,12,4,男,634,
计算机学院,12,4,男,635,
计算机学院,12,4,男,637,
计算机学院,12,4,男,638,
计算机学院,10,4,女,102,
计算机学院,10,4,女,118,
计算机学院,10,4,女,121,
计算机学院,10,4,女,122,
计算机学院,10,4,女,125,
计算机学院,10,4,女,127,
计算机学院,10,4,女,204,
计算机学院,10,4,女,212,
计算机学院,10,4,女,213,
计算机学院,10,4,女,217,
计算机学院,10,4,女,218,
计算机学院,10,4,女,219,
计算机学院,10,4,女,230,
计算机学院,10,4,女,310,
计算机学院,10,4,女,311,
计算机学院,10,4,女,326,
计算机学院,10,4,女,328,
计算机学院,10,4,女,329,
计算机学院,10,4,女,330,
计算机学院,10,4,女,413,
计算机学院,10,4,女,414,
计算机学院,10,4,女,415,
计算机学院,10,4,女,417,
计算机学院,10,4,女,503,
计算机学院,10,4,女,505,
计算机学院,10,4,女,518,
计算机学院,10,4,女,520,
计算机学院,10,4,女,521,
计算机学院,10,4,女,538,
计算机学院,10,4,女,539,
计算机学院,10,4,女,602,
计算机学院,10,4,女,603,
计算机学院,10,4,女,604,
计算机学院,10,4,女,605,
计算机学院,10,4,女,606,
计算机学院,10,4,女,607,
计算机学院,10,4,女,608,
计算机学院,10,4,女,609,
计算机学院,10,4,女,610,
计算机学院,10,4,女,611,
计算机学院,10,4,女,623,
计算机学院,10,4,女,629,
计算机学院,10,4,女,630,
计算机学院,10,4,女,631,
计算机学院,10,4,女,632,
计算机学院,10,4,女,633,
计算机学院,10,4,女,634,
计算机学院,10,4,女,635,
计算机学院,10,4,女,636,
计算机学院,10,4,女,637,
计算机学院,10,4,女,639,
计算机学院,11,4,女,432,
计算机学院,11,4,女,616,
计算机学院,13,4,女,315,
计算机学院,13,4,女,604,
计算机学院,13,4,女,605,
计算机学院,13,4,女,606,
计算机学院,13,4,女,607,
计算机学院,13,4,女,608,
计算机学院,13,4,女,609,
计算机学院,13,4,女,610,
计算机学院,13,4,女,611,
计算机学院,13,4,女,612,
计算机学院,13,4,女,613,
计算机学院,13,4,女,614,
计算机学院,13,4,女,615,
计算机学院,13,4,女,616,
计算机学院,13,4,女,617,
计算机学院,13,4,女,618,
计算机学院,13,4,女,619,
计算机学院,13,4,女,620,
计算机学院,13,4,女,621,
计算机学院,13,4,女,622,
计算机学院,14,4,女,133,
计算机学院,14,4,女,237,
计算机学院,14,4,女,337,
计算机学院,14,4,女,415,
计算机学院,14,4,女,419,
计算机学院,14,4,女,421,
计算机学院,14,4,女,434,
计算机学院,14,4,女,438,
计算机学院,14,4,女,534,
计算机学院,14,4,女,537,
计算机学院,14,4,女,619,
计算机学院,14,4,女,633,
计算机学院,14,4,女,634,
计算机学院,14,4,女,635,
计算机学院,14,4,女,636,
计算机学院,14,4,女,637,
